Żywność,Porcja,Kalorie,Jednostka wagi,Jednostka kalorii,Kategoria
Acai,100,70,g,kcal,owoce
Agrest,100,44,g,kcal,owoce
Ananas,100,50,g,kcal,owoce
Arbuz,100,30,g,kcal,owoce
Awokado,100,160,g,kcal,owoce
Banan,100,89,g,kcal,owoce
Banan rajski,100,122,g,kcal,owoce
Brzoskwinia,100,39,g,kcal,owoce
Cytryna,100,29,g,kcal,owoce
Czereśnie,100,63,g,kcal,owoce
Daktyle,100,282,g,kcal,owoce
Dżakfrut,100,95,g,kcal,owoce
Figi,100,74,g,kcal,owoce
Granat,100,83,g,kcal,owoce
Gruszka,100,57,g,kcal,owoce
Gujawa,100,68,g,kcal,owoce
Jabłko,100,52,g,kcal,owoce
Jagody,100,57,g,kcal,owoce
Jagodzian rambutan,100,82,g,kcal,owoce
Jeżyna,100,43,g,kcal,owoce
Kantalupa,100,34,g,kcal,owoce
Karambola,100,31,g,kcal,owoce
Kiwi,100,61,g,kcal,owoce
Klementynki,100,47,g,kcal,owoce
Liczi,100,66,g,kcal,owoce
Limonka,100,30,g,kcal,owoce
Maliny,100,52,g,kcal,owoce
Mandarynki,100,53,g,kcal,owoce
Mango,100,60,g,kcal,owoce
Miechunka,100,49,g,kcal,owoce
Mirabelki,100,64,g,kcal,owoce
Morela,100,48,g,kcal,owoce
Morwa,100,43,g,kcal,owoce
Nektarynki,100,44,g,kcal,owoce
Oliwki,100,115,g,kcal,owoce
Papaja,100,43,g,kcal,owoce
Passiflora,100,97,g,kcal,owoce
Persymona,100,127,g,kcal,owoce
Pigwa,100,57,g,kcal,owoce
Pomarańcza,100,47,g,kcal,owoce
Pomarańcza czerwona,100,50,g,kcal,owoce
Porzeczki,100,56,g,kcal,owoce
Poziomki,100,32,g,kcal,owoce
Przecier jabłkowy,100,68,g,kcal,owoce
Rabarbar,100,21,g,kcal,owoce
Renkloda ulena,100,41,g,kcal,owoce
Rodzynki,100,299,g,kcal,owoce
Sałatka owocowa,100,50,g,kcal,owoce
Tamaryndowiec,100,239,g,kcal,owoce
Truskawki,100,32,g,kcal,owoce
Winogrona,100,69,g,kcal,owoce
Wiśnie,100,50,g,kcal,owoce
Śliwka,100,46,g,kcal,owoce
Żurawina,100,46,g,kcal,owoce
Acerola / wiśnia z Barbados,100,32,g,kcal,owoce tropikalne i egzotyczne
Akka Sellowa,100,55,g,kcal,owoce tropikalne i egzotyczne
Ananas,100,50,g,kcal,owoce tropikalne i egzotyczne
Arbuz,100,30,g,kcal,owoce tropikalne i egzotyczne
Awokado,100,160,g,kcal,owoce tropikalne i egzotyczne
Banan,100,89,g,kcal,owoce tropikalne i egzotyczne
Banan zwyczajny,100,122,g,kcal,owoce tropikalne i egzotyczne
Cherimoya,100,75,g,kcal,owoce tropikalne i egzotyczne
Chlebowiec,100,95,g,kcal,owoce tropikalne i egzotyczne
Chlebowiec właściwy,100,103,g,kcal,owoce tropikalne i egzotyczne
Durian,100,147,g,kcal,owoce tropikalne i egzotyczne
Granat,100,83,g,kcal,owoce tropikalne i egzotyczne
Grejpfrut,100,42,g,kcal,owoce tropikalne i egzotyczne
Grejpfrut różowy,100,42,g,kcal,owoce tropikalne i egzotyczne
Gruszka chińska,100,42,g,kcal,owoce tropikalne i egzotyczne
Gujawa,100,68,g,kcal,owoce tropikalne i egzotyczne
Kantalupa,100,34,g,kcal,owoce tropikalne i egzotyczne
Karambola,100,31,g,kcal,owoce tropikalne i egzotyczne
Kiwi,100,61,g,kcal,owoce tropikalne i egzotyczne
Kumkwat,100,71,g,kcal,owoce tropikalne i egzotyczne
Liczi,100,66,g,kcal,owoce tropikalne i egzotyczne
Mandarynki,100,53,g,kcal,owoce tropikalne i egzotyczne
Mango,100,60,g,kcal,owoce tropikalne i egzotyczne
Mangostan,100,73,g,kcal,owoce tropikalne i egzotyczne
Marakuja,100,97,g,kcal,owoce tropikalne i egzotyczne
Melon Galia,100,23,g,kcal,owoce tropikalne i egzotyczne
Melon żółty,100,28,g,kcal,owoce tropikalne i egzotyczne
Morwa indyjska,100,53,g,kcal,owoce tropikalne i egzotyczne
Ogórek melon,100,34,g,kcal,owoce tropikalne i egzotyczne
Opuncja figowa,100,41,g,kcal,owoce tropikalne i egzotyczne
Pitaja (smoczy owoc),100,60,g,kcal,owoce tropikalne i egzotyczne
Pomelo,100,38,g,kcal,owoce tropikalne i egzotyczne
Tamaryndowiec,100,239,g,kcal,owoce tropikalne i egzotyczne
Wiśnie koktajlowe,100,165,g,kcal,owoce tropikalne i egzotyczne
Agrest w puszce,100,73,g,kcal,owoce w puszkach
Ananas w kawałkach w puszce,100,53,g,kcal,owoce w puszkach
Ananas w plasterkach w puszce,100,53,g,kcal,owoce w puszkach
Ananas w puszce,100,60,g,kcal,owoce w puszkach
Brzoskwinie w puszce,100,54,g,kcal,owoce w puszkach
Figi w puszce,100,107,g,kcal,owoce w puszkach
Grejpfrut w puszce,100,37,g,kcal,owoce w puszkach
Gruszki w puszce,100,35,g,kcal,owoce w puszkach
Jagody w puszce,100,88,g,kcal,owoce w puszkach
Jeżyny w puszce,100,92,g,kcal,owoce w puszkach
Maliny w puszce,100,91,g,kcal,owoce w puszkach
Mandarynki w puszce,100,71,g,kcal,owoce w puszkach
Mango w puszce,100,65,g,kcal,owoce w puszkach
Mieszanka owocowa w puszce,100,71,g,kcal,owoce w puszkach
Morele w puszce,100,48,g,kcal,owoce w puszkach
Pomarańcze w puszce,100,62,g,kcal,owoce w puszkach
Przecier jabłkowy,100,62,g,kcal,owoce w puszkach
Sałatka owocowa w puszce,100,50,g,kcal,owoce w puszkach
Suszone owoce,100,243,g,kcal,owoce w puszkach
Truskawki w puszce,100,92,g,kcal,owoce w puszkach
Winogrona w puszce,100,76,g,kcal,owoce w puszkach
Wiśnie morello w puszce,100,81,g,kcal,owoce w puszkach
Wiśnie w puszce,100,54,g,kcal,owoce w puszkach
Śliwki w puszce,100,58,g,kcal,owoce w puszkach
Żurawina w puszce,100,178,g,kcal,owoce w puszkach
Ciasto na pierogi,100,124,g,kcal,produkty ziemniaczane
Frytki,100,312,g,kcal,produkty ziemniaczane
Gnocchi,100,133,g,kcal,produkty ziemniaczane
Kluski z ziemniaków,100,124,g,kcal,produkty ziemniaczane
Knedle,100,120,g,kcal,produkty ziemniaczane
Knedle ze śliwkami,100,147,g,kcal,produkty ziemniaczane
Kopytka,100,125,g,kcal,produkty ziemniaczane
Krokiety,100,127,g,kcal,produkty ziemniaczane
Maniok jadalny,100,160,g,kcal,produkty ziemniaczane
Omlet,100,154,g,kcal,produkty ziemniaczane
Pierogi,100,124,g,kcal,produkty ziemniaczane
Placki ziemniaczane,100,185,g,kcal,produkty ziemniaczane
Placki ziemniaczane,100,166,g,kcal,produkty ziemniaczane
Pyzy,100,424,g,kcal,produkty ziemniaczane
Sałatka ziemniaczana,100,143,g,kcal,produkty ziemniaczane
Skrobia ziemniaczana,100,331,g,kcal,produkty ziemniaczane
Słodki ziemniak,100,92,g,kcal,produkty ziemniaczane
Talarki ziemniaczane,100,123,g,kcal,produkty ziemniaczane
Ziemniak,100,77,g,kcal,produkty ziemniaczane
Ziemniaki białe,100,94,g,kcal,produkty ziemniaczane
Ziemniaki gotowane,100,87,g,kcal,produkty ziemniaczane
Ziemniaki gratin,100,132,g,kcal,produkty ziemniaczane
Ziemniaki pieczone,100,93,g,kcal,produkty ziemniaczane
Ziemniaki smażone,100,312,g,kcal,produkty ziemniaczane
Ziemniaki tłuczone,100,89,g,kcal,produkty ziemniaczane
Ziemniaki Yukon Gold,100,82,g,kcal,produkty ziemniaczane
Ziemniaki z rozmarynem,100,93,g,kcal,produkty ziemniaczane
Bakłażan,100,25,g,kcal,warzywa
Botwina,100,19,g,kcal,warzywa
Brokuł,100,34,g,kcal,warzywa
Brukiew,100,38,g,kcal,warzywa
Brukselka,100,43,g,kcal,warzywa
Burak,100,43,g,kcal,warzywa
Cebula dymka,100,32,g,kcal,warzywa
Cebula dymka,100,40,g,kcal,warzywa
Chrzan,100,48,g,kcal,warzywa
Cukinia,100,17,g,kcal,warzywa
Cykoria,100,72,g,kcal,warzywa
Czarne oliwki,100,115,g,kcal,warzywa
Czosnek,100,149,g,kcal,warzywa
Dynia,100,26,g,kcal,warzywa
Endywia,100,17,g,kcal,warzywa
Fasolka zielona,100,31,g,kcal,warzywa
Fenkuł,100,31,g,kcal,warzywa
Groszek,100,81,g,kcal,warzywa
Grzyby,100,22,g,kcal,warzywa
Jarmuż,100,49,g,kcal,warzywa
Kalafior,100,25,g,kcal,warzywa
Kalarepa,100,27,g,kcal,warzywa
Kapusta,100,25,g,kcal,warzywa
Kapusta chińska,100,16,g,kcal,warzywa
Kapusta czerwona,100,31,g,kcal,warzywa
Kapusta kiszona,100,17,g,kcal,warzywa
Kapusta sarepsa,100,27,g,kcal,warzywa
Karczoch,100,47,g,kcal,warzywa
Kukurydza,100,365,g,kcal,warzywa
Liście kapusty warzywnej,100,32,g,kcal,warzywa
Liście rzepy,100,20,g,kcal,warzywa
Marchew,100,41,g,kcal,warzywa
Nori,100,35,g,kcal,warzywa
Ogórek,100,16,g,kcal,warzywa
Ogórek kiszony,100,14,g,kcal,warzywa
Oliwki zielone,100,115,g,kcal,warzywa
Oliwki zielone,100,115,g,kcal,warzywa
Papryka,100,27,g,kcal,warzywa
Pasternak,100,75,g,kcal,warzywa
Piżmian (okra),100,33,g,kcal,warzywa
Pomidor,100,18,g,kcal,warzywa
Pomidor koktajlowy,100,100,g,kcal,warzywa
Por,100,61,g,kcal,warzywa
Rukola,100,25,g,kcal,warzywa
Rzepa,100,28,g,kcal,warzywa
Rzodkiewka,100,16,g,kcal,warzywa
Sałata,100,15,g,kcal,warzywa
Seler,100,16,g,kcal,warzywa
Szalotka,100,72,g,kcal,warzywa
Szczypiorek,100,30,g,kcal,warzywa
Szparagi,100,20,g,kcal,warzywa
Szpinak,100,23,g,kcal,warzywa
Szpinak w sosie śmietanowym,100,74,g,kcal,warzywa
Tykwa,100,14,g,kcal,warzywa
Wasabi,100,109,g,kcal,warzywa
Ziemniak,100,77,g,kcal,warzywa
Ziemniak słodki,100,86,g,kcal,warzywa
Big Mac z McDonald’s,100,256,g,kcal,fast food
Brazer kanapka z KFC,100,190,g,kcal,fast food
Brazer Twister z KFC,100,188,g,kcal,fast food
Burger wegetariański,100,181,g,kcal,fast food
Cheeseburger,100,263,g,kcal,fast food
Cheeseburger z McDonald’s,100,263,g,kcal,fast food
Chicken Strips z McDonald’s,100,203,g,kcal,fast food
Chikker z McDonald’s,100,258,g,kcal,fast food
Chop Suey,100,172,g,kcal,fast food
Cicken Pizziola,100,141,g,kcal,fast food
Double Whopper z Burger King,100,239,g,kcal,fast food
Fajita z kurczakiem,100,147,g,kcal,fast food
Falafel,100,335,g,kcal,fast food
Filet-o-Fish,100,282,g,kcal,fast food
Filet-o-Fish z McDonald’s,100,275,g,kcal,fast food
Frytki,100,254,g,kcal,fast food
Frytki kręcone,100,311,g,kcal,fast food
Grander Texas z KFC,100,269,g,kcal,fast food
Grander z KFC,100,242,g,kcal,fast food
Hamburger,100,254,g,kcal,fast food
Hot dog,100,269,g,kcal,fast food
Indyk,100,104,g,kcal,fast food
Italian BMT,100,183,g,kcal,fast food
iTwist z KFC,100,246,g,kcal,fast food
Kanapka Chicken Teriyaki,100,138,g,kcal,fast food
Kanapka Subway Melt,100,370,g,kcal,fast food
Kanapka Veggie Delight,100,138,g,kcal,fast food
Kanapka z klopsikami,100,161,g,kcal,fast food
Kanapka z kurczakiem,100,241,g,kcal,fast food
Kanapka z rybą,100,273,g,kcal,fast food
Kanapka z szynką,100,241,g,kcal,fast food
Kebab,100,225,g,kcal,fast food
Kiełbasa,100,333,g,kcal,fast food
Kotlet wegetariański,100,390,g,kcal,fast food
Krokiet,100,250,g,kcal,fast food
Krążki cebulowe,100,411,g,kcal,fast food
Lazania,100,132,g,kcal,fast food
Longer z KFC,100,241,g,kcal,fast food
McChicken z McDonald’s,100,251,g,kcal,fast food
McDouble z McDonald’s,100,252,g,kcal,fast food
McMuffin Egg z McDOnald’s,100,225,g,kcal,fast food
McRib z McDonald’s,100,265,g,kcal,fast food
McRoyal z McDonald’s,100,269,g,kcal,fast food
Mega Pocket z KFC,100,243,g,kcal,fast food
Nachos z serem,100,306,g,kcal,fast food
Nuggetsy kurczakowe z McDonald’s,100,297,g,kcal,fast food
Nuggetsy z kurczaka,100,296,g,kcal,fast food
Piersi z kurczaka,100,163,g,kcal,fast food
Podwójny cheeseburger,100,267,g,kcal,fast food
Podwójny cheeseburger z McDonald’s,100,282,g,kcal,fast food
Qurrito z KFC,100,271,g,kcal,fast food
Ryba z frytkami,100,195,g,kcal,fast food
Sałatka z grillowanym kurczakiem,100,88,g,kcal,fast food
Skrzydełka Mighty Wings z McDonald’s,100,308,g,kcal,fast food
Skrzydełka z kurczaka,100,324,g,kcal,fast food
Tender z KFC,100,240,g,kcal,fast food
Tortilla Wrap,100,271,g,kcal,fast food
Tuńczyk,100,86,g,kcal,fast food
Twister Ser&Bekon z KFC,100,259,g,kcal,fast food
Twister z KFC,100,240,g,kcal,fast food
Whopper z Burger King,100,231,g,kcal,fast food
Wieśmac z McDonald’s,100,256,g,kcal,fast food
Zapiekanka,100,214,g,kcal,fast food
Zinger z KFC,100,270,g,kcal,fast food
Łosoś wędzony,100,158,g,kcal,fast food
Żeberka grillowane,100,212,g,kcal,fast food
Calzoni,100,231,g,kcal,pizza
Ciasto na pizzę,100,228,g,kcal,pizza
Flammkuchen,100,253,g,kcal,pizza
Mini Pizza,100,365,g,kcal,pizza
Pizza Bianko,100,250,g,kcal,pizza
Pizza biała,100,246,g,kcal,pizza
Pizza Calabrese,100,235,g,kcal,pizza
Pizza Capricciosa,100,260,g,kcal,pizza
Pizza diabelska,100,220,g,kcal,pizza
Pizza Flambee,100,245,g,kcal,pizza
Pizza Fungi,100,212,g,kcal,pizza
Pizza hawajska,100,115,g,kcal,pizza
Pizza Margherita,100,275,g,kcal,pizza
Pizza Mexicana,100,232,g,kcal,pizza
Pizza na cienkim spodzie,100,261,g,kcal,pizza
Pizza na grubym spodzie,100,255,g,kcal,pizza
Pizza na grubym spodzie z Pizza Hut,100,255,g,kcal,pizza
Pizza Napoli,100,202,g,kcal,pizza
Pizza Pepperoni,100,255,g,kcal,pizza
Pizza Primavera,100,180,g,kcal,pizza
Pizza Quattro Formaggi,100,248,g,kcal,pizza
Pizza Rolls,100,247,g,kcal,pizza
Pizza sycylijska,100,241,g,kcal,pizza
Pizza Toscana,100,205,g,kcal,pizza
Pizza Vesuvio,100,287,g,kcal,pizza
Pizza wegetariańska,100,256,g,kcal,pizza
Pizza z czerwoną papryką,100,192,g,kcal,pizza
Pizza z fetą i szpinakiem,100,242,g,kcal,pizza
Pizza z kiełbasą,100,246,g,kcal,pizza
Pizza z krewetkami,100,209,g,kcal,pizza
Pizza z kurczakiem,100,234,g,kcal,pizza
Pizza z owocami morza,100,245,g,kcal,pizza
Pizza z pieczarkami,100,212,g,kcal,pizza
Pizza z salami,100,255,g,kcal,pizza
Pizza z serem,100,267,g,kcal,pizza
Pizza z serem kozim,100,219,g,kcal,pizza
Pizza z serem Mozzarella,100,249,g,kcal,pizza
Pizza z tuńczykiem,100,254,g,kcal,pizza
Pizza z warzywami,100,256,g,kcal,pizza
Pizza ze szpinakiem,100,234,g,kcal,pizza
Supreme Pizza z Pizza Hut,100,248,g,kcal,pizza
Actimel,100,95,g,kcal,jogurt
Activia,100,74,g,kcal,jogurt
Activia cytrynowa,100,100,g,kcal,jogurt
Activia truskawkowa,100,97,g,kcal,jogurt
Jogurt,100,61,g,kcal,jogurt
Jogurt 0%,100,46,g,kcal,jogurt
Jogurt brzoskwiniowy,100,97,g,kcal,jogurt
Jogurt czekoladowy,100,128,g,kcal,jogurt
Jogurt Danone Fantasia,100,120,g,kcal,jogurt
Jogurt dietetyczny,100,54,g,kcal,jogurt
Jogurt grecki,100,53,g,kcal,jogurt
Jogurt grecki light,100,116,g,kcal,jogurt
Jogurt jagodowy,100,105,g,kcal,jogurt
Jogurt kozi,100,66,g,kcal,jogurt
Jogurt malinowy,100,92,g,kcal,jogurt
Jogurt Mocca,100,100,g,kcal,jogurt
Jogurt niskotłuszczowy,100,63,g,kcal,jogurt
Jogurt organiczny,100,75,g,kcal,jogurt
Jogurt owoce leśne,100,115,g,kcal,jogurt
Jogurt owocowy,100,97,g,kcal,jogurt
Jogurt probiotyczny,100,80,g,kcal,jogurt
Jogurt stracciatella,100,139,g,kcal,jogurt
Jogurt truskawkowy,100,100,g,kcal,jogurt
Jogurt waniliowy,100,101,g,kcal,jogurt
Jogurt wiśniowy,100,97,g,kcal,jogurt
Jogurt z mleka odtłuszczonego,100,56,g,kcal,jogurt
Jogurt z muesli,100,109,g,kcal,jogurt
Jogurt z ziarnami zbóż,100,110,g,kcal,jogurt
Jogurt śmietankowy,100,90,g,kcal,jogurt
Bita śmietana,100,257,g,kcal,mleko i produkty mleczne
Budyń z semoliny,100,67,g,kcal,mleko i produkty mleczne
Creme Fraiche,100,393,g,kcal,mleko i produkty mleczne
Czekolada na gorąco,100,89,g,kcal,mleko i produkty mleczne
Jogurt,100,61,g,kcal,mleko i produkty mleczne
Kefir,100,55,g,kcal,mleko i produkty mleczne
Kwaśna śmietana,100,181,g,kcal,mleko i produkty mleczne
Lassi,100,75,g,kcal,mleko i produkty mleczne
Maślanka,100,62,g,kcal,mleko i produkty mleczne
Mleko,100,61,g,kcal,mleko i produkty mleczne
Mleko bez laktozy,100,52,g,kcal,mleko i produkty mleczne
Mleko kokosowe,100,230,g,kcal,mleko i produkty mleczne
Mleko kozie,100,69,g,kcal,mleko i produkty mleczne
Mleko migdałowe,100,17,g,kcal,mleko i produkty mleczne
Mleko odtłuszczone,100,35,g,kcal,mleko i produkty mleczne
Mleko pełne,100,61,g,kcal,mleko i produkty mleczne
Mleko półtłuste,100,50,g,kcal,mleko i produkty mleczne
Mleko ryżowe,100,49,g,kcal,mleko i produkty mleczne
Mleko skondensowane,100,321,g,kcal,mleko i produkty mleczne
Mleko skondensowane słodzone,100,321,g,kcal,mleko i produkty mleczne
Mleko sojowe,100,45,g,kcal,mleko i produkty mleczne
Mleko w proszku,100,496,g,kcal,mleko i produkty mleczne
Mus czekoladowy,100,225,g,kcal,mleko i produkty mleczne
Ryż na mleku,100,118,g,kcal,mleko i produkty mleczne
Serek wiejski,100,98,g,kcal,mleko i produkty mleczne
Tzatziki,100,117,g,kcal,mleko i produkty mleczne
Zsiadłe mleko,100,98,g,kcal,mleko i produkty mleczne
Śmietana do kawy,100,195,g,kcal,mleko i produkty mleczne
Śmietanka,100,242,g,kcal,mleko i produkty mleczne
Brie,100,334,g,kcal,ser
Camembert,100,300,g,kcal,ser
Cheddar,100,403,g,kcal,ser
Chester,100,387,g,kcal,ser
Emmentaler,100,357,g,kcal,ser
Feta,100,264,g,kcal,ser
Fondue serowe,100,228,g,kcal,ser
Fontina,100,389,g,kcal,ser
Gorgonzola,100,350,g,kcal,ser
Gouda,100,356,g,kcal,ser
Gruyere,100,413,g,kcal,ser
Halloumi,100,321,g,kcal,ser
Havarti,100,371,g,kcal,ser
Jarlsberg,100,352,g,kcal,ser
Mozzarella,100,280,g,kcal,ser
Neufchatel,100,253,g,kcal,ser
Oscypek,100,386,g,kcal,ser
Parmesan,100,431,g,kcal,ser
Pecorino,100,387,g,kcal,ser
Provolone,100,351,g,kcal,ser
Ricotta,100,174,g,kcal,ser
Roquefort,100,369,g,kcal,ser
Ser Asiago,100,392,g,kcal,ser
Ser Baabybel,100,333,g,kcal,ser
Ser edamski,100,357,g,kcal,ser
Ser grillowany,100,350,g,kcal,ser
Ser holenderski,100,393,g,kcal,ser
Ser kozi,100,364,g,kcal,ser
Ser kozi wędzony,100,353,g,kcal,ser
Ser królewski,100,359,g,kcal,ser
Ser Maasdam,100,344,g,kcal,ser
Ser Manchego,100,320,g,kcal,ser
Ser miękki,100,268,g,kcal,ser
Ser Muenster,100,368,g,kcal,ser
Ser niebieski,100,353,g,kcal,ser
Ser owczy,100,364,g,kcal,ser
Ser Raclette,100,357,g,kcal,ser
Ser Stilton,100,393,g,kcal,ser
Ser szwajcarski,100,380,g,kcal,ser
Ser tostowy,100,274,g,kcal,ser
Ser tylżycki,100,322,g,kcal,ser
Ser włoski,100,397,g,kcal,ser
Ser żółty wędzony,100,313,g,kcal,ser
Serek homogenizowany,100,131,g,kcal,ser
Serek topiony,100,290,g,kcal,ser
Serek topiony,100,316,g,kcal,ser
Serek ziarnisty,100,98,g,kcal,ser
Tarty parmezan,100,431,g,kcal,ser
Twaróg chudy,100,113,g,kcal,ser
Twaróg półtłusty,100,133,g,kcal,ser
Twaróg tłusty,100,148,g,kcal,ser
Chrzan,100,48,g,kcal,ser topiony
Pasta serowa obazta,100,303,g,kcal,ser topiony
Ser feta śmietankowy,100,342,g,kcal,ser topiony
Ser kozi,100,364,g,kcal,ser topiony
Serek mascarpone,100,450,g,kcal,ser topiony
Serek wiejski,100,98,g,kcal,ser topiony
Serek śmietankowy czosnkowy,100,342,g,kcal,ser topiony
Serek śmietankowy oliwkowy,100,342,g,kcal,ser topiony
Serek śmietankowy orzechowy,100,342,g,kcal,ser topiony
Serek śmietankowy Philadelphia,100,342,g,kcal,ser topiony
Serek śmietankowy ze szczypiorkiem,100,342,g,kcal,ser topiony
Serek śmietanowy,100,342,g,kcal,ser topiony
Serek śmietanowy z ziołami,100,342,g,kcal,ser topiony
Bergkäse,100,418,g,kcal,ser w plasterkach
Cheddar,100,403,g,kcal,ser w plasterkach
Emmentaler,100,357,g,kcal,ser w plasterkach
Fol Epi,100,388,g,kcal,ser w plasterkach
Gouda,100,356,g,kcal,ser w plasterkach
Gouda Light,100,247,g,kcal,ser w plasterkach
Havarti,100,371,g,kcal,ser w plasterkach
Mozzarella,100,280,g,kcal,ser w plasterkach
Młoda gouda,100,356,g,kcal,ser w plasterkach
Ser edamski,100,357,g,kcal,ser w plasterkach
Ser Esrom,100,322,g,kcal,ser w plasterkach
Ser kanapkowy,100,148,g,kcal,ser w plasterkach
Ser królewski,100,359,g,kcal,ser w plasterkach
Ser Leerdammer,100,284,g,kcal,ser w plasterkach
Ser Maasdam,100,344,g,kcal,ser w plasterkach
Ser maślany,100,388,g,kcal,ser w plasterkach
Ser Muenster,100,368,g,kcal,ser w plasterkach
Ser podlaski,100,388,g,kcal,ser w plasterkach
Ser salami,100,351,g,kcal,ser w plasterkach
Ser tostowy,100,274,g,kcal,ser w plasterkach
Ser tylżycki,100,340,g,kcal,ser w plasterkach
Ser w plasterkach,100,356,g,kcal,ser w plasterkach
Ser Westberg,100,277,g,kcal,ser w plasterkach
Ser wędzony,100,410,g,kcal,ser w plasterkach
Ser z pieprzem,100,100,g,kcal,ser w plasterkach
Talerz serów,100,357,g,kcal,ser w plasterkach
Bażant,100,239,g,kcal,drob i ptactwo
Bitki z indyka,100,189,g,kcal,drob i ptactwo
Gołąb,100,142,g,kcal,drob i ptactwo
Gęś,100,305,g,kcal,drob i ptactwo
Indyk,100,189,g,kcal,drob i ptactwo
Kaczka,100,337,g,kcal,drob i ptactwo
Kaczka krzyżówka,100,211,g,kcal,drob i ptactwo
Kapłon,100,229,g,kcal,drob i ptactwo
Kurczak,100,219,g,kcal,drob i ptactwo
Perliczka,100,158,g,kcal,drob i ptactwo
Pierś z bażanta,100,133,g,kcal,drob i ptactwo
Pierś z indyka,100,135,g,kcal,drob i ptactwo
Pierś z kaczki,100,201,g,kcal,drob i ptactwo
Pierś z kurczaka,100,172,g,kcal,drob i ptactwo
Pierś z przepiórki,100,123,g,kcal,drob i ptactwo
Przepiórka,100,227,g,kcal,drob i ptactwo
Pularda,100,200,g,kcal,drob i ptactwo
Skrzydełka z indyka,100,221,g,kcal,drob i ptactwo
Skrzydełka z kurczaka,100,266,g,kcal,drob i ptactwo
Stek z indyka,100,189,g,kcal,drob i ptactwo
Struś,100,145,g,kcal,drob i ptactwo
Udka z kurczaka,100,174,g,kcal,drob i ptactwo
Udko z bażanta,100,239,g,kcal,drob i ptactwo
Udko z indyka,100,208,g,kcal,drob i ptactwo
Żołądki z kurczaka,100,154,g,kcal,drob i ptactwo
Aligator,100,104,g,kcal,dziczyzna
Antylopa,100,150,g,kcal,dziczyzna
Baranina,100,234,g,kcal,dziczyzna
Bawół,100,131,g,kcal,dziczyzna
Bażant,100,239,g,kcal,dziczyzna
Bizon,100,171,g,kcal,dziczyzna
Bóbr,100,212,g,kcal,dziczyzna
Dziczyzna,100,164,g,kcal,dziczyzna
Dzik,100,160,g,kcal,dziczyzna
Gęś,100,238,g,kcal,dziczyzna
Jagnięcina,100,202,g,kcal,dziczyzna
Kaczka krzyżówka,100,211,g,kcal,dziczyzna
Karibu,100,159,g,kcal,dziczyzna
Królik,100,197,g,kcal,dziczyzna
Niedźwiedź,100,259,g,kcal,dziczyzna
Polędwica z bizona,100,171,g,kcal,dziczyzna
Polędwica z dziczyzny,100,158,g,kcal,dziczyzna
Renifer,100,200,g,kcal,dziczyzna
Struś,100,175,g,kcal,dziczyzna
Szop,100,255,g,kcal,dziczyzna
Wiewiórka,100,173,g,kcal,dziczyzna
Łoś,100,134,g,kcal,dziczyzna
Andouille,100,232,g,kcal,kielbasa
Bekon,100,407,g,kcal,kielbasa
Bockwurst,100,301,g,kcal,kielbasa
Bratwurst,100,297,g,kcal,kielbasa
Chorizo,100,455,g,kcal,kielbasa
Frankfurterki,100,305,g,kcal,kielbasa
Hot Dog,100,278,g,kcal,kielbasa
Kaszanka,100,379,g,kcal,kielbasa
Kaszanka,100,379,g,kcal,kielbasa
Kiełbasa,100,309,g,kcal,kielbasa
Kiełbasa biała,100,313,g,kcal,kielbasa
Kiełbasa bolońska,100,247,g,kcal,kielbasa
Kiełbasa wędzona,100,301,g,kcal,kielbasa
Kiełbasa włoska,100,149,g,kcal,kielbasa
Knackwurst,100,307,g,kcal,kielbasa
Landjaeger,100,352,g,kcal,kielbasa
Metka,100,310,g,kcal,kielbasa
Mielonka,100,117,g,kcal,kielbasa
Mięso z kurczaka,100,79,g,kcal,kielbasa
Mortadella,100,311,g,kcal,kielbasa
Parówki,100,230,g,kcal,kielbasa
Pastrami,100,133,g,kcal,kielbasa
Pasztet,100,319,g,kcal,kielbasa
Pasztetowa,100,326,g,kcal,kielbasa
Pierś z kurczaka,100,79,g,kcal,kielbasa
Salami,100,336,g,kcal,kielbasa
Salceson,100,157,g,kcal,kielbasa
Sałatka z kurczaka,100,81,g,kcal,kielbasa
Szynka gotowana,100,133,g,kcal,kielbasa
Szynka parmezańska,100,195,g,kcal,kielbasa
Wieprzowina,100,247,g,kcal,kielbasa
Wołowina peklowana,100,153,g,kcal,kielbasa
Antrykot wołowy,100,217,g,kcal,mieso i produkty miesne
Baranina,100,234,g,kcal,mieso i produkty miesne
Dziczyzna,100,164,g,kcal,mieso i produkty miesne
Filet wołowy,100,267,g,kcal,mieso i produkty miesne
Golonka wieprzowa,100,327,g,kcal,mieso i produkty miesne
Indyk,100,189,g,kcal,mieso i produkty miesne
Jagnięcina,100,202,g,kcal,mieso i produkty miesne
Kaczka,100,337,g,kcal,mieso i produkty miesne
Karkówka,100,277,g,kcal,mieso i produkty miesne
Karkówka wieprzowa,100,169,g,kcal,mieso i produkty miesne
Kotlet panierowany,100,156,g,kcal,mieso i produkty miesne
Kotlet schabowy,100,196,g,kcal,mieso i produkty miesne
Kurczak,100,219,g,kcal,mieso i produkty miesne
Mięso z kurczaka,100,172,g,kcal,mieso i produkty miesne
Mostek wołowy,100,242,g,kcal,mieso i produkty miesne
Pieczeń wieprzowa,100,254,g,kcal,mieso i produkty miesne
Pieczeń wołowa,100,140,g,kcal,mieso i produkty miesne
Pieczone żeberka,100,333,g,kcal,mieso i produkty miesne
Pierś z indyka,100,135,g,kcal,mieso i produkty miesne
Pierś z kurczaka,100,172,g,kcal,mieso i produkty miesne
Podroby z kurczaka,100,158,g,kcal,mieso i produkty miesne
Polędwica wieprzowa,100,204,g,kcal,mieso i produkty miesne
Polędwica wołowa,100,218,g,kcal,mieso i produkty miesne
Rostbef,100,130,g,kcal,mieso i produkty miesne
Skrzydełka z kurczaka,100,266,g,kcal,mieso i produkty miesne
Skrzydła z indyka,100,221,g,kcal,mieso i produkty miesne
Stek z indyka,100,189,g,kcal,mieso i produkty miesne
Stek z łaty wołowej,100,194,g,kcal,mieso i produkty miesne
Stek z łopatki wieprzowej,100,196,g,kcal,mieso i produkty miesne
Struś,100,145,g,kcal,mieso i produkty miesne
Szynka,100,163,g,kcal,mieso i produkty miesne
Tłuszcz z kurczaka,100,898,g,kcal,mieso i produkty miesne
Udko z indyka,100,208,g,kcal,mieso i produkty miesne
Udko z kurczaka,100,174,g,kcal,mieso i produkty miesne
Udziec wołowy,100,182,g,kcal,mieso i produkty miesne
Wieprzowina,100,196,g,kcal,mieso i produkty miesne
Wołowina,100,248,g,kcal,mieso i produkty miesne
Wołowina mielona,100,246,g,kcal,mieso i produkty miesne
Wątróbka z kurczaka,100,167,g,kcal,mieso i produkty miesne
Łopatka wieprzowa,100,269,g,kcal,mieso i produkty miesne
Żeberka,100,238,g,kcal,mieso i produkty miesne
Żeberka wieprzowe,100,212,g,kcal,mieso i produkty miesne
Żeberka wołowe,100,238,g,kcal,mieso i produkty miesne
Żołądki z kurczaka,100,146,g,kcal,mieso i produkty miesne
Flaczki,100,233,g,kcal,podroby
Móżdżek cielęcy,100,136,g,kcal,podroby
Móżdżek wieprzowy,100,138,g,kcal,podroby
Móżdżek wołowy,100,196,g,kcal,podroby
Nerki cielęce,100,163,g,kcal,podroby
Nerki wieprzowe,100,151,g,kcal,podroby
Nerki wołowe,100,158,g,kcal,podroby
Ogon wieprzowy,100,273,g,kcal,podroby
Ogon wołowy,100,184,g,kcal,podroby
Ozór cielęcy,100,202,g,kcal,podroby
Ozór wieprzowy,100,271,g,kcal,podroby
Ozór wołowy,100,284,g,kcal,podroby
Podroby indycze,100,173,g,kcal,podroby
Podroby z kurczaka,100,277,g,kcal,podroby
Płuca wieprzowe,100,99,g,kcal,podroby
Płuca wołowe,100,120,g,kcal,podroby
Ratki kurze,100,215,g,kcal,podroby
Serce cielęce,100,186,g,kcal,podroby
Serce indycze,100,174,g,kcal,podroby
Serce kurczaka,100,185,g,kcal,podroby
Serce wieprzowe,100,148,g,kcal,podroby
Serce wołowe,100,165,g,kcal,podroby
Wątroba indycza,100,189,g,kcal,podroby
Wątroba wieprzowa,100,165,g,kcal,podroby
Wątroba wołowa,100,191,g,kcal,podroby
Wątróbka cielęca,100,192,g,kcal,podroby
Wątróbka gęsia,100,133,g,kcal,podroby
Wątróbka kacza,100,136,g,kcal,podroby
Wątróbka z kurczaka,100,172,g,kcal,podroby
Śledziona wieprzowa,100,219,g,kcal,podroby
Śledziona wołowa,100,271,g,kcal,podroby
Żołądek indyczy,100,148,g,kcal,podroby
Żołądek wieprzowy,100,157,g,kcal,podroby
Żołądek z kurczaka,100,148,g,kcal,podroby
Bresaola,100,178,g,kcal,wedliny i mieso obiadowe
Capicola,100,110,g,kcal,wedliny i mieso obiadowe
Chorizo,100,455,g,kcal,wedliny i mieso obiadowe
Filet z piersi kurczaka,100,79,g,kcal,wedliny i mieso obiadowe
Kiełbasa bolońska,100,247,g,kcal,wedliny i mieso obiadowe
Kiełbasa szynkowa,100,164,g,kcal,wedliny i mieso obiadowe
Ozór,100,284,g,kcal,wedliny i mieso obiadowe
Pastrami,100,133,g,kcal,wedliny i mieso obiadowe
Pasztetowa,100,326,g,kcal,wedliny i mieso obiadowe
Pieczeń wieprzowa,100,247,g,kcal,wedliny i mieso obiadowe
Pieczeń wołowa,100,267,g,kcal,wedliny i mieso obiadowe
Pierś z indyka,100,104,g,kcal,wedliny i mieso obiadowe
Pierś z indyka pieczona w piekarniku,100,104,g,kcal,wedliny i mieso obiadowe
Pierś z indyka wędzona,100,104,g,kcal,wedliny i mieso obiadowe
Prosciutto,100,195,g,kcal,wedliny i mieso obiadowe
Salami,100,336,g,kcal,wedliny i mieso obiadowe
Salami wołowe,100,375,g,kcal,wedliny i mieso obiadowe
Salami z indyka,100,152,g,kcal,wedliny i mieso obiadowe
Salceson,100,157,g,kcal,wedliny i mieso obiadowe
Szynka,100,145,g,kcal,wedliny i mieso obiadowe
Szynka gotowana,100,126,g,kcal,wedliny i mieso obiadowe
Szynka parmeńska,100,345,g,kcal,wedliny i mieso obiadowe
Szynka pieczona,100,343,g,kcal,wedliny i mieso obiadowe
Szynka serrano,100,300,g,kcal,wedliny i mieso obiadowe
Szynka wędzona,100,107,g,kcal,wedliny i mieso obiadowe
Szynka z indyka,100,126,g,kcal,wedliny i mieso obiadowe
Wołowina peklowana,100,251,g,kcal,wedliny i mieso obiadowe
Bekon,100,407,g,kcal,wieprzowina
Bekon wieprzowy,100,407,g,kcal,wieprzowina
Boczek wieprzowy,100,518,g,kcal,wieprzowina
Flaczki wieprzowe,100,233,g,kcal,wieprzowina
Golonka wieprzowa,100,172,g,kcal,wieprzowina
Gulasz wieprzowy,100,73,g,kcal,wieprzowina
Karkówka wieprzowa,100,232,g,kcal,wieprzowina
Kiełbasa wieprzowa,100,339,g,kcal,wieprzowina
Klops,100,89,g,kcal,wieprzowina
Klops wieprzowy,100,243,g,kcal,wieprzowina
Kotlety wieprzowe,100,131,g,kcal,wieprzowina
Mięso solone,100,286,g,kcal,wieprzowina
Nóżki wieprzowe,100,201,g,kcal,wieprzowina
Ogon wieprzowy,100,396,g,kcal,wieprzowina
Pieczeń wieprzowa,100,194,g,kcal,wieprzowina
Ratki wieprzowe,100,243,g,kcal,wieprzowina
Salceson,100,309,g,kcal,wieprzowina
Schab wieprzowy,100,143,g,kcal,wieprzowina
Smalec,100,898,g,kcal,wieprzowina
Stek z łopatki wieprzowej,100,232,g,kcal,wieprzowina
Szynka parmeńska,100,261,g,kcal,wieprzowina
Szynka serrano,100,339,g,kcal,wieprzowina
Tłuszcz wieprzowy,100,638,g,kcal,wieprzowina
Ucho wieprzowe,100,166,g,kcal,wieprzowina
Wieprzowina mielona,100,263,g,kcal,wieprzowina
Wieprzowina solona,100,286,g,kcal,wieprzowina
Łopatka wieprzowa,100,269,g,kcal,wieprzowina
Żeberka płaty wieprzowe,100,396,g,kcal,wieprzowina
Żeberka wieprzowe,100,292,g,kcal,wieprzowina
Żołądek wieprzowy,100,250,g,kcal,wieprzowina
Cielęcina,100,282,g,kcal,wolowina i cielecina
Filet wołowy,100,189,g,kcal,wolowina i cielecina
Filet z polędwicy wołowej,100,207,g,kcal,wolowina i cielecina
Flaczki wołowe,100,94,g,kcal,wolowina i cielecina
Gicz cielęca,100,211,g,kcal,wolowina i cielecina
Goleń cielęca,100,177,g,kcal,wolowina i cielecina
Grasica wołowa,100,319,g,kcal,wolowina i cielecina
Gulasz wołowy,100,123,g,kcal,wolowina i cielecina
Karczek wołowy,100,213,g,kcal,wolowina i cielecina
Karkówka mielona,100,250,g,kcal,wolowina i cielecina
Karkówka pieczona,100,141,g,kcal,wolowina i cielecina
Karkówka wołowa,100,137,g,kcal,wolowina i cielecina
Mielona cielęcina,100,143,g,kcal,wolowina i cielecina
Mielona wołowina,100,241,g,kcal,wolowina i cielecina
Mielonka wołowa,100,247,g,kcal,wolowina i cielecina
Mostek wołowy,100,137,g,kcal,wolowina i cielecina
Pieczeń wołowa,100,187,g,kcal,wolowina i cielecina
Pieczona cielęcina,100,175,g,kcal,wolowina i cielecina
Piersi cielęce,100,282,g,kcal,wolowina i cielecina
Polędwica cielęca,100,217,g,kcal,wolowina i cielecina
Rostbef,100,117,g,kcal,wolowina i cielecina
Rozbratel,100,217,g,kcal,wolowina i cielecina
Rumsztyk,100,171,g,kcal,wolowina i cielecina
Schab z kością,100,404,g,kcal,wolowina i cielecina
Stek z mostka,100,205,g,kcal,wolowina i cielecina
Stek z łaty,100,194,g,kcal,wolowina i cielecina
Trzustka wołowa,100,271,g,kcal,wolowina i cielecina
Tłuszcz wołowy,100,854,g,kcal,wolowina i cielecina
Wołowina,100,171,g,kcal,wolowina i cielecina
Wołowina gulaszowa,100,191,g,kcal,wolowina i cielecina
Zrazowa cielęca,100,204,g,kcal,wolowina i cielecina
Zrazowa wołowa,100,182,g,kcal,wolowina i cielecina
Łopatka cielęca,100,183,g,kcal,wolowina i cielecina
Łój wołowy,100,902,g,kcal,wolowina i cielecina
Żeberka wołowe,100,196,g,kcal,wolowina i cielecina
Anielskie ciasto na białkach,100,258,g,kcal,ciastka i ciasta
Babeczka,100,305,g,kcal,ciastka i ciasta
Babka marmurkowa,100,339,g,kcal,ciastka i ciasta
Babka piaskowa,100,390,g,kcal,ciastka i ciasta
Beza,100,285,g,kcal,ciastka i ciasta
Biszkopt,100,289,g,kcal,ciastka i ciasta
Biszkopty czarno-białe,100,381,g,kcal,ciastka i ciasta
Ciastka Profiterole,100,334,g,kcal,ciastka i ciasta
Ciasto cytrynowe,100,352,g,kcal,ciastka i ciasta
Ciasto czekoladowe,100,389,g,kcal,ciastka i ciasta
Ciasto czekoladowe bez mąki,100,509,g,kcal,ciastka i ciasta
Ciasto drożdżowe,100,375,g,kcal,ciastka i ciasta
Ciasto francuskie,100,558,g,kcal,ciastka i ciasta
Ciasto jagodowe,100,232,g,kcal,ciastka i ciasta
Ciasto kokosowe,100,356,g,kcal,ciastka i ciasta
Ciasto marchewkowe,100,408,g,kcal,ciastka i ciasta
Ciasto na maślance,100,380,g,kcal,ciastka i ciasta
Ciasto owocowe,100,324,g,kcal,ciastka i ciasta
Ciasto Tiramisu,100,291,g,kcal,ciastka i ciasta
Ciasto Trzech Króli,100,377,g,kcal,ciastka i ciasta
Ciasto z bananów i toffi,100,395,g,kcal,ciastka i ciasta
Ciasto z kruszonką,100,441,g,kcal,ciastka i ciasta
Ciasto z lodów,100,200,g,kcal,ciastka i ciasta
Ciasto z okrągłej formy,100,370,g,kcal,ciastka i ciasta
Ciasto śliwkowe,100,109,g,kcal,ciastka i ciasta
Deser Trifle,100,180,g,kcal,ciastka i ciasta
Duet,100,267,g,kcal,ciastka i ciasta
Flan,100,145,g,kcal,ciastka i ciasta
Gofry,100,312,g,kcal,ciastka i ciasta
Keks,100,376,g,kcal,ciastka i ciasta
Kremówka papieska,100,520,g,kcal,ciastka i ciasta
Makowiec,100,394,g,kcal,ciastka i ciasta
Mazurek wielkanocny,100,475,g,kcal,ciastka i ciasta
Miodownik,100,282,g,kcal,ciastka i ciasta
Muffinka czekoladowa,100,420,g,kcal,ciastka i ciasta
Muffinka jagodowa,100,377,g,kcal,ciastka i ciasta
Naleśnik,100,227,g,kcal,ciastka i ciasta
Piernik,100,356,g,kcal,ciastka i ciasta
Placek brzoskwiniowy,100,223,g,kcal,ciastka i ciasta
Placek z malinami,100,240,g,kcal,ciastka i ciasta
Placek z rabarbarem,100,245,g,kcal,ciastka i ciasta
Placek z truskawkami,100,230,g,kcal,ciastka i ciasta
Placek z truskawkami i rabarbarem,100,281,g,kcal,ciastka i ciasta
Placek z wiśniami,100,260,g,kcal,ciastka i ciasta
Profiterole,100,334,g,kcal,ciastka i ciasta
Pączek,100,403,g,kcal,ciastka i ciasta
Pączek francuski,100,412,g,kcal,ciastka i ciasta
Rolada,100,439,g,kcal,ciastka i ciasta
Rolada biszkoptowa z kremem,100,428,g,kcal,ciastka i ciasta
Rożek jabłkowy,100,348,g,kcal,ciastka i ciasta
Sernik,100,321,g,kcal,ciastka i ciasta
Strucla z makiem,100,345,g,kcal,ciastka i ciasta
Strudel jabłkowy,100,274,g,kcal,ciastka i ciasta
Szarlotka,100,252,g,kcal,ciastka i ciasta
Sękacz,100,477,g,kcal,ciastka i ciasta
Tarta Tatin,100,210,g,kcal,ciastka i ciasta
Tiramisu,100,283,g,kcal,ciastka i ciasta
Tort Sachera,100,352,g,kcal,ciastka i ciasta
Tort Szwarcwaldzki,100,264,g,kcal,ciastka i ciasta
Tort urodzinowy,100,465,g,kcal,ciastka i ciasta
Tort weselny,100,381,g,kcal,ciastka i ciasta
Tort z musu czekoladowego,100,260,g,kcal,ciastka i ciasta
Wuzetka,100,353,g,kcal,ciastka i ciasta
3 Bit,100,530,g,kcal,cukierki i slodycze
After Eight,100,452,g,kcal,cukierki i slodycze
Baton czekoladowy,100,533,g,kcal,cukierki i slodycze
Baton granola,100,452,g,kcal,cukierki i slodycze
Baton Mars,100,448,g,kcal,cukierki i slodycze
Baton z orzeszków ziemnych,100,533,g,kcal,cukierki i slodycze
Bounty,100,488,g,kcal,cukierki i slodycze
Celebrations,100,490,g,kcal,cukierki i slodycze
Chałwa,100,522,g,kcal,cukierki i slodycze
Chipsy czekoladowe,100,493,g,kcal,cukierki i slodycze
Chlebojajo,100,196,g,kcal,cukierki i slodycze
Ciasteczka Speculoos,100,469,g,kcal,cukierki i slodycze
Ciasteczka spritz,100,500,g,kcal,cukierki i slodycze
Ciasteczka z masłem orzechowym,100,475,g,kcal,cukierki i slodycze
Ciastka,100,488,g,kcal,cukierki i slodycze
Ciastko szczęścia,100,214,g,kcal,cukierki i slodycze
Czekolada,100,529,g,kcal,cukierki i slodycze
Czekoladki Lindt,100,548,g,kcal,cukierki i slodycze
Delicje,100,370,g,kcal,cukierki i slodycze
Drażetki,100,429,g,kcal,cukierki i slodycze
Duplo,100,552,g,kcal,cukierki i slodycze
Fasolki żelowe,100,354,g,kcal,cukierki i slodycze
Ferrero Rocher,100,576,g,kcal,cukierki i slodycze
Gofry,100,272,g,kcal,cukierki i slodycze
Halls,100,390,g,kcal,cukierki i slodycze
Hanuta,100,541,g,kcal,cukierki i slodycze
Jabłko w polewie cukrowej,100,152,g,kcal,cukierki i slodycze
Jeżyki,100,481,g,kcal,cukierki i slodycze
Kit Kat,100,521,g,kcal,cukierki i slodycze
Kopiko,100,438,g,kcal,cukierki i slodycze
Krakersy zwierzątka,100,446,g,kcal,cukierki i slodycze
Krokant z orzeszków ziemnych,100,183,g,kcal,cukierki i slodycze
Laseczka cukrowa,100,423,g,kcal,cukierki i slodycze
Lion,100,493,g,kcal,cukierki i slodycze
Lizak,100,392,g,kcal,cukierki i slodycze
Lukrecja,100,375,g,kcal,cukierki i slodycze
M&M’s,100,479,g,kcal,cukierki i slodycze
Maltesers,100,498,g,kcal,cukierki i slodycze
Marcepan,100,411,g,kcal,cukierki i slodycze
Mars,100,449,g,kcal,cukierki i slodycze
Mentos,100,390,g,kcal,cukierki i slodycze
Michałki,100,518,g,kcal,cukierki i slodycze
Milky Way,100,449,g,kcal,cukierki i slodycze
Pawełek,100,466,g,kcal,cukierki i slodycze
Pestki dyni,100,560,g,kcal,cukierki i slodycze
Pianka żelowa,100,318,g,kcal,cukierki i slodycze
Pieczone migdały,100,452,g,kcal,cukierki i slodycze
Pop Rocks,100,358,g,kcal,cukierki i slodycze
Popcorn,100,582,g,kcal,cukierki i slodycze
Prince Polo,100,535,g,kcal,cukierki i slodycze
Princessa,100,542,g,kcal,cukierki i slodycze
Pudding ryżowy,100,134,g,kcal,cukierki i slodycze
Rolo,100,474,g,kcal,cukierki i slodycze
Semolina,100,340,g,kcal,cukierki i slodycze
Sezamki,100,512,g,kcal,cukierki i slodycze
Skittles,100,405,g,kcal,cukierki i slodycze
Smarties,100,357,g,kcal,cukierki i slodycze
Snickers,100,484,g,kcal,cukierki i slodycze
Tic Tac,100,395,g,kcal,cukierki i slodycze
Toblerone,100,525,g,kcal,cukierki i slodycze
Trifle,100,186,g,kcal,cukierki i slodycze
Twix,100,495,g,kcal,cukierki i slodycze
Wata cukrowa,100,643,g,kcal,cukierki i slodycze
Werther’s Original,100,428,g,kcal,cukierki i slodycze
WW,100,516,g,kcal,cukierki i slodycze
Żelki misie,100,316,g,kcal,cukierki i slodycze
Algida Smietankowa,100,80,g,kcal,lody i desery mrozone
Big Milk,100,140,g,kcal,lody i desery mrozone
Carte d’Or Tiramisu,100,190,g,kcal,lody i desery mrozone
Gigant Koral,100,140,g,kcal,lody i desery mrozone
Grand Koral,100,204,g,kcal,lody i desery mrozone
Lody Cookie Dough,100,200,g,kcal,lody i desery mrozone
Lody czekoladowe,100,216,g,kcal,lody i desery mrozone
Lody Drumsticks,100,255,g,kcal,lody i desery mrozone
Lody kawowe,100,236,g,kcal,lody i desery mrozone
Lody miętowe z posypką czekoladową,100,239,g,kcal,lody i desery mrozone
Lody Sundae,100,215,g,kcal,lody i desery mrozone
Lody truskawkowe,100,236,g,kcal,lody i desery mrozone
Lody typu śnieżka,100,237,g,kcal,lody i desery mrozone
Lody waniliowe,100,201,g,kcal,lody i desery mrozone
Lody włoskie,100,222,g,kcal,lody i desery mrozone
Lody z posypką czekoladową,100,215,g,kcal,lody i desery mrozone
Lód Snickers,100,360,g,kcal,lody i desery mrozone
Magnum,100,300,g,kcal,lody i desery mrozone
Magnum Gold,100,341,g,kcal,lody i desery mrozone
Magnum w białej polewie,100,297,g,kcal,lody i desery mrozone
Magnum z migdałami,100,315,g,kcal,lody i desery mrozone
Magnum z podwójnym karmelem,100,355,g,kcal,lody i desery mrozone
Magnum z podwójną czekoladą,100,380,g,kcal,lody i desery mrozone
McFlurry,100,153,g,kcal,lody i desery mrozone
McFlurry Oreo,100,186,g,kcal,lody i desery mrozone
McFlurry Smarties,100,198,g,kcal,lody i desery mrozone
Milord Nordis,100,304,g,kcal,lody i desery mrozone
Mini Milk,100,120,g,kcal,lody i desery mrozone
Oskar Koral,100,308,g,kcal,lody i desery mrozone
Rożek Koral,100,264,g,kcal,lody i desery mrozone
Solero,100,100,g,kcal,lody i desery mrozone
Solo Koral,100,121,g,kcal,lody i desery mrozone
Sundae truskawkowe,100,158,g,kcal,lody i desery mrozone
Top Milker Koral,100,94,g,kcal,lody i desery mrozone
Tytan Zielona Budka,100,249,g,kcal,lody i desery mrozone
Absinthe,100,348,g,kcal,napoje alkoholowe i napitki
Advocaat,100,283,g,kcal,napoje alkoholowe i napitki
Amaretto,100,310,g,kcal,napoje alkoholowe i napitki
Asti,100,138,g,kcal,napoje alkoholowe i napitki
Baileys,100,327,g,kcal,napoje alkoholowe i napitki
Bailey’s Irish Cream,100,327,g,kcal,napoje alkoholowe i napitki
Bimber,100,220,g,kcal,napoje alkoholowe i napitki
Blue Curacao,100,243,g,kcal,napoje alkoholowe i napitki
Bourbon,100,233,g,kcal,napoje alkoholowe i napitki
Brandy,100,213,g,kcal,napoje alkoholowe i napitki
Canadian Whiskey,100,216,g,kcal,napoje alkoholowe i napitki
Chambord,100,348,g,kcal,napoje alkoholowe i napitki
Cointreau,100,320,g,kcal,napoje alkoholowe i napitki
Cydr,100,49,g,kcal,napoje alkoholowe i napitki
Drambuie,100,358,g,kcal,napoje alkoholowe i napitki
Frangelico,100,238,g,kcal,napoje alkoholowe i napitki
Gin,100,263,g,kcal,napoje alkoholowe i napitki
Glenfiddich,100,230,g,kcal,napoje alkoholowe i napitki
Grand Marnier,100,253,g,kcal,napoje alkoholowe i napitki
Grzaniec,100,105,g,kcal,napoje alkoholowe i napitki
Jack Daniel’s,100,146,g,kcal,napoje alkoholowe i napitki
Jagermeister,100,250,g,kcal,napoje alkoholowe i napitki
Jim Beam,100,222,g,kcal,napoje alkoholowe i napitki
Kahlua,100,180,g,kcal,napoje alkoholowe i napitki
Koniak,100,235,g,kcal,napoje alkoholowe i napitki
Likier,100,250,g,kcal,napoje alkoholowe i napitki
Midori,100,267,g,kcal,napoje alkoholowe i napitki
Miód pitny,100,119,g,kcal,napoje alkoholowe i napitki
Piwo,100,43,g,kcal,napoje alkoholowe i napitki
Poncz,100,62,g,kcal,napoje alkoholowe i napitki
Prosecco,100,66,g,kcal,napoje alkoholowe i napitki
Rum,100,231,g,kcal,napoje alkoholowe i napitki
Sake,100,138,g,kcal,napoje alkoholowe i napitki
Sambuca,100,333,g,kcal,napoje alkoholowe i napitki
Sangria,100,96,g,kcal,napoje alkoholowe i napitki
Sherry,100,116,g,kcal,napoje alkoholowe i napitki
Southern Comfort,100,247,g,kcal,napoje alkoholowe i napitki
Szampan,100,75,g,kcal,napoje alkoholowe i napitki
Szkocka,100,222,g,kcal,napoje alkoholowe i napitki
Tarninówka,100,332,g,kcal,napoje alkoholowe i napitki
Tequila,100,110,g,kcal,napoje alkoholowe i napitki
Triple Sec,100,153,g,kcal,napoje alkoholowe i napitki
Vermouth,100,130,g,kcal,napoje alkoholowe i napitki
Whiskey Irlandzka,100,233,g,kcal,napoje alkoholowe i napitki
Whisky,100,250,g,kcal,napoje alkoholowe i napitki
Wino,100,83,g,kcal,napoje alkoholowe i napitki
Wino białe,100,82,g,kcal,napoje alkoholowe i napitki
Wino czerwone,100,85,g,kcal,napoje alkoholowe i napitki
Wino różowe,100,71,g,kcal,napoje alkoholowe i napitki
Wiśniówka,100,217,g,kcal,napoje alkoholowe i napitki
Wódka,100,231,g,kcal,napoje alkoholowe i napitki
Śliwowica,100,260,g,kcal,napoje alkoholowe i napitki
Żubrówka,100,231,g,kcal,napoje alkoholowe i napitki
ACE Drink,100,44,g,kcal,napoje bezalkoholowe i napitki
Apple Spritzer,100,24,g,kcal,napoje bezalkoholowe i napitki
Bawarka,100,40,g,kcal,napoje bezalkoholowe i napitki
Club Mate,100,30,g,kcal,napoje bezalkoholowe i napitki
Coca Cola,100,42,g,kcal,napoje bezalkoholowe i napitki
Coca Cola Zero,100,1,g,kcal,napoje bezalkoholowe i napitki
Cola,100,42,g,kcal,napoje bezalkoholowe i napitki
Cola dietetyczna,100,1,g,kcal,napoje bezalkoholowe i napitki
Czekolada na gorąco,100,89,g,kcal,napoje bezalkoholowe i napitki
Gatorade,100,23,g,kcal,napoje bezalkoholowe i napitki
Herbata,100,1,g,kcal,napoje bezalkoholowe i napitki
Herbata imbirowa,100,0,g,kcal,napoje bezalkoholowe i napitki
Herbata zielona,100,30,g,kcal,napoje bezalkoholowe i napitki
Ice Tea,100,27,g,kcal,napoje bezalkoholowe i napitki
Karamalz,100,37,g,kcal,napoje bezalkoholowe i napitki
Kawa,100,1,g,kcal,napoje bezalkoholowe i napitki
Kawa Inka,100,335,g,kcal,napoje bezalkoholowe i napitki
Kawa zbożowa,100,11,g,kcal,napoje bezalkoholowe i napitki
Kombucha,100,13,g,kcal,napoje bezalkoholowe i napitki
Kompot,100,48,g,kcal,napoje bezalkoholowe i napitki
Kwas chlebowy,100,30,g,kcal,napoje bezalkoholowe i napitki
Latte Macchiato,100,57,g,kcal,napoje bezalkoholowe i napitki
Lemoniada,100,42,g,kcal,napoje bezalkoholowe i napitki
Masala czaj,100,0,g,kcal,napoje bezalkoholowe i napitki
Milkshake (w proszku),100,329,g,kcal,napoje bezalkoholowe i napitki
Milkshake czekoladowy,100,125,g,kcal,napoje bezalkoholowe i napitki
Milkshake truskawkowy,100,113,g,kcal,napoje bezalkoholowe i napitki
Milkshake waniliowy,100,149,g,kcal,napoje bezalkoholowe i napitki
Mleko,100,61,g,kcal,napoje bezalkoholowe i napitki
Mleko czekoladowe,100,89,g,kcal,napoje bezalkoholowe i napitki
Mleko sojowe,100,45,g,kcal,napoje bezalkoholowe i napitki
Nektar,100,53,g,kcal,napoje bezalkoholowe i napitki
Nestea,100,36,g,kcal,napoje bezalkoholowe i napitki
Piwo bezalkoholowe,100,37,g,kcal,napoje bezalkoholowe i napitki
Piwo słodowe,100,37,g,kcal,napoje bezalkoholowe i napitki
Powerade,100,16,g,kcal,napoje bezalkoholowe i napitki
Slush Puppie,100,50,g,kcal,napoje bezalkoholowe i napitki
Smoothie,100,37,g,kcal,napoje bezalkoholowe i napitki
Woda,100,0,g,kcal,napoje bezalkoholowe i napitki
Yerba Mate,100,62,g,kcal,napoje bezalkoholowe i napitki
7Up,100,44,g,kcal,napoje sodowe i lekkie
Bitter Lemon,100,34,g,kcal,napoje sodowe i lekkie
Burn,100,57,g,kcal,napoje sodowe i lekkie
Cherry Coke,100,44,g,kcal,napoje sodowe i lekkie
Cherry Coke Light,100,1,g,kcal,napoje sodowe i lekkie
Cola,100,42,g,kcal,napoje sodowe i lekkie
Cola Light,100,1,g,kcal,napoje sodowe i lekkie
Cola waniliowa,100,45,g,kcal,napoje sodowe i lekkie
Cola Zero,100,0,g,kcal,napoje sodowe i lekkie
Dr Pepper,100,27,g,kcal,napoje sodowe i lekkie
Fanta,100,39,g,kcal,napoje sodowe i lekkie
Fanta Zero,100,0,g,kcal,napoje sodowe i lekkie
Ginger Ale,100,35,g,kcal,napoje sodowe i lekkie
Hoop Cola,100,44,g,kcal,napoje sodowe i lekkie
Ice Tea,100,27,g,kcal,napoje sodowe i lekkie
Kinley Tonic,100,40,g,kcal,napoje sodowe i lekkie
Kwas chlebowy,100,30,g,kcal,napoje sodowe i lekkie
Lemoniada,100,42,g,kcal,napoje sodowe i lekkie
Lipton Ice Tea,100,25,g,kcal,napoje sodowe i lekkie
Minute Maid,100,46,g,kcal,napoje sodowe i lekkie
Minute Maid Light,100,2,g,kcal,napoje sodowe i lekkie
Napój energetyczny Black,100,48,g,kcal,napoje sodowe i lekkie
Napój gazowany,100,53,g,kcal,napoje sodowe i lekkie
Nestea,100,29,g,kcal,napoje sodowe i lekkie
Oranżada,100,48,g,kcal,napoje sodowe i lekkie
Pepsi,100,44,g,kcal,napoje sodowe i lekkie
Pepsi Light,100,0,g,kcal,napoje sodowe i lekkie
Pepsi Light,100,0,g,kcal,napoje sodowe i lekkie
Powerade,100,120,g,kcal,napoje sodowe i lekkie
Red Bull,100,45,g,kcal,napoje sodowe i lekkie
Schweppes,100,38,g,kcal,napoje sodowe i lekkie
Schweppes Ginger Ale,100,38,g,kcal,napoje sodowe i lekkie
Sprite,100,37,g,kcal,napoje sodowe i lekkie
Sprite Zero,100,0,g,kcal,napoje sodowe i lekkie
Tiger Energy Drink,100,45,g,kcal,napoje sodowe i lekkie
Tonik,100,35,g,kcal,napoje sodowe i lekkie
Tymbark jabłkowo-miętowy,100,43,g,kcal,napoje sodowe i lekkie
Ale,100,35,g,kcal,piwo
Altbier,100,43,g,kcal,piwo
Beck’s,100,39,g,kcal,piwo
Carlsberg,100,32,g,kcal,piwo
Clausthaler bezalkoholowy,100,26,g,kcal,piwo
Corona,100,42,g,kcal,piwo
Dębowe mocne,100,53,g,kcal,piwo
Guineess,100,35,g,kcal,piwo
Heineken,100,35,g,kcal,piwo
India Pale Ale (IPA),100,51,g,kcal,piwo
Koelsch,100,43,g,kcal,piwo
Koźlak,100,50,g,kcal,piwo
Lech,100,41,g,kcal,piwo
Leżajsk,100,45,g,kcal,piwo
Lowenbrau,100,45,g,kcal,piwo
Okocim,100,42,g,kcal,piwo
Pale Ale,100,42,g,kcal,piwo
Piast,100,43,g,kcal,piwo
Pilsner,100,43,g,kcal,piwo
Piwo,100,43,g,kcal,piwo
Piwo bezalkoholowe,100,37,g,kcal,piwo
Piwo ciemne,100,46,g,kcal,piwo
Piwo imbirowe,100,42,g,kcal,piwo
Piwo jasne,100,29,g,kcal,piwo
Piwo Królewskie,100,46,g,kcal,piwo
Piwo Lager,100,43,g,kcal,piwo
Piwo mocne,100,55,g,kcal,piwo
Piwo pszeniczne,100,45,g,kcal,piwo
Piwo słodowe,100,37,g,kcal,piwo
Porter,100,54,g,kcal,piwo
Redd’s,100,44,g,kcal,piwo
Stout,100,51,g,kcal,piwo
Tatra,100,46,g,kcal,piwo
Tyskie,100,64,g,kcal,piwo
Warka,100,49,g,kcal,piwo
Żubr,100,51,g,kcal,piwo
Żywiec,100,49,g,kcal,piwo
Aloe vera,100,44,g,kcal,soki owocowe
Capri-Sun,100,41,g,kcal,soki owocowe
Clamato,100,60,g,kcal,soki owocowe
Energy-Drink,100,87,g,kcal,soki owocowe
Herbata rumiankowa,100,0,g,kcal,soki owocowe
Lassi z mango,100,66,g,kcal,soki owocowe
Lemoniada,100,50,g,kcal,soki owocowe
Mleko kokosowe,100,233,g,kcal,soki owocowe
Nektar brzoskwiniowy,100,54,g,kcal,soki owocowe
Nektar gruszkowy,100,60,g,kcal,soki owocowe
Nektar morelowy,100,56,g,kcal,soki owocowe
Nestea,100,21,g,kcal,soki owocowe
Sok ananasowy,100,53,g,kcal,soki owocowe
Sok bananowy,100,50,g,kcal,soki owocowe
Sok brzoskwiniowy,100,54,g,kcal,soki owocowe
Sok cytrynowy,100,21,g,kcal,soki owocowe
Sok grejpfrutowy,100,46,g,kcal,soki owocowe
Sok gruszkowy,100,60,g,kcal,soki owocowe
Sok jabłkowy,100,46,g,kcal,soki owocowe
Sok jeżynowy,100,48,g,kcal,soki owocowe
Sok marchwiowy,100,40,g,kcal,soki owocowe
Sok pomarańczowy,100,46,g,kcal,soki owocowe
Sok pomidorowy,100,17,g,kcal,soki owocowe
Sok porzeczkowy,100,48,g,kcal,soki owocowe
Sok warzywny,100,21,g,kcal,soki owocowe
Sok winogronowy,100,60,g,kcal,soki owocowe
Sok wiśniowy,100,45,g,kcal,soki owocowe
Sok z acai,100,58,g,kcal,soki owocowe
Sok z białych winogron,100,75,g,kcal,soki owocowe
Sok z granata,100,66,g,kcal,soki owocowe
Sok z kiszonej kapusty,100,14,g,kcal,soki owocowe
Sok z limonki,100,21,g,kcal,soki owocowe
Sok z mandarynek,100,43,g,kcal,soki owocowe
Sok z ogórka,100,10,g,kcal,soki owocowe
Sok z papai,100,58,g,kcal,soki owocowe
Sok z passiflory,100,48,g,kcal,soki owocowe
Sok śliwkowy,100,71,g,kcal,soki owocowe
Sok żurawinowy,100,46,g,kcal,soki owocowe
Woda kokosowa,100,19,g,kcal,soki owocowe
Acolon,100,85,g,kcal,wino
Bacchus,100,116,g,kcal,wino
Cabernet Cortis,100,80,g,kcal,wino
Cabernet Sauvignon,100,77,g,kcal,wino
Cava,100,76,g,kcal,wino
Chardonnay,100,85,g,kcal,wino
Chenin Blanc,100,80,g,kcal,wino
Czerwone Talary,100,71,g,kcal,wino
Gamay,100,78,g,kcal,wino
Grzaniec Galicyjski,100,105,g,kcal,wino
Herbowe Solaris,100,82,g,kcal,wino
Hibernal,100,75,g,kcal,wino
Malbec,100,82,g,kcal,wino
Merlot,100,83,g,kcal,wino
Pinot Gris,100,83,g,kcal,wino
Pinot Noir,100,75,g,kcal,wino
Porto,100,160,g,kcal,wino
Prosecco,100,71,g,kcal,wino
Regent,100,85,g,kcal,wino
Riesling,100,80,g,kcal,wino
Rose Dolina Bystrzycy,100,72,g,kcal,wino
Sangria,100,132,g,kcal,wino
Sauvignon Blanc,100,81,g,kcal,wino
Seyval Blanc,100,82,g,kcal,wino
Sherry,100,116,g,kcal,wino
Shiraz,100,71,g,kcal,wino
Sibera,100,82,g,kcal,wino
Szampan,100,76,g,kcal,wino
Wermut,100,108,g,kcal,wino
Wina słodkie,100,83,g,kcal,wino
Wino,100,83,g,kcal,wino
Wino białe,100,82,g,kcal,wino
Wino białe słodkie,100,82,g,kcal,wino
Wino czerwone,100,85,g,kcal,wino
Wino czerwone słodkie,100,81,g,kcal,wino
Wino czerwone wytrawne,100,85,g,kcal,wino
Wino grzane,100,196,g,kcal,wino
Wino Marsala,100,100,g,kcal,wino
Wino musujące,100,190,g,kcal,wino
Wino różowe,100,71,g,kcal,wino
Wino śliwkowe,100,163,g,kcal,wino
Zinfandel,100,88,g,kcal,wino
Zweigelt Rose,100,75,g,kcal,wino
Cannelloni,100,146,g,kcal,makaron i noodle
Capellini,100,353,g,kcal,makaron i noodle
Cappelletti,100,164,g,kcal,makaron i noodle
Ciasto na pierogi,100,99,g,kcal,makaron i noodle
Fettuccine,100,353,g,kcal,makaron i noodle
Kluski na parze,100,274,g,kcal,makaron i noodle
Linguine,100,357,g,kcal,makaron i noodle
Makaron do Lasagne,100,271,g,kcal,makaron i noodle
Makaron jajeczny,100,384,g,kcal,makaron i noodle
Makaron kokardki,100,358,g,kcal,makaron i noodle
Makaron muszelki,100,353,g,kcal,makaron i noodle
Makaron nisko węglowodanowy,100,282,g,kcal,makaron i noodle
Makaron pełnoziarnisty,100,347,g,kcal,makaron i noodle
Makaron przezroczysty,100,192,g,kcal,makaron i noodle
Makaron rurki,100,351,g,kcal,makaron i noodle
Makaron rurki z rowkami,100,370,g,kcal,makaron i noodle
Makaron ryżowy,100,109,g,kcal,makaron i noodle
Makaron Shirataki,100,18,g,kcal,makaron i noodle
Makaron sojowy,100,216,g,kcal,makaron i noodle
Makaron wstążki,100,370,g,kcal,makaron i noodle
Makaron włoski,100,370,g,kcal,makaron i noodle
Makaron włoski uszka,100,370,g,kcal,makaron i noodle
Makaron łazanki,100,354,g,kcal,makaron i noodle
Makaron świderki,100,352,g,kcal,makaron i noodle
Mostaccioli,100,184,g,kcal,makaron i noodle
Orzo,100,357,g,kcal,makaron i noodle
Pierogi,100,200,g,kcal,makaron i noodle
Ravioli,100,77,g,kcal,makaron i noodle
Rigatoni,100,353,g,kcal,makaron i noodle
Semolina z pszenicy durum,100,397,g,kcal,makaron i noodle
Spaghetti,100,370,g,kcal,makaron i noodle
Spaghetti pełnoziarniste,100,351,g,kcal,makaron i noodle
Spirelli,100,367,g,kcal,makaron i noodle
Szpecle,100,368,g,kcal,makaron i noodle
Tortellini,100,291,g,kcal,makaron i noodle
Tortellini z serem,100,291,g,kcal,makaron i noodle
Tortellini ze szpinakiem,100,314,g,kcal,makaron i noodle
Vermicelli,100,368,g,kcal,makaron i noodle
Cheerios,100,347,g,kcal,platki owsiane kukurydziane i musli
Cheerios wielozbożowe,100,380,g,kcal,platki owsiane kukurydziane i musli
Chocos,100,380,g,kcal,platki owsiane kukurydziane i musli
Cini Minis,100,433,g,kcal,platki owsiane kukurydziane i musli
Coco Pops,100,376,g,kcal,platki owsiane kukurydziane i musli
Cookie Crisp,100,400,g,kcal,platki owsiane kukurydziane i musli
Crunchy naturalne,100,450,g,kcal,platki owsiane kukurydziane i musli
Gold Flakes Nestle,100,394,g,kcal,platki owsiane kukurydziane i musli
Granola Sante orzechowa,100,457,g,kcal,platki owsiane kukurydziane i musli
Jaśki,100,469,g,kcal,platki owsiane kukurydziane i musli
Mlekołaki,100,382,g,kcal,platki owsiane kukurydziane i musli
Muesli,100,336,g,kcal,platki owsiane kukurydziane i musli
Muesli Fitella,100,399,g,kcal,platki owsiane kukurydziane i musli
Muesli Lo,100,300,g,kcal,platki owsiane kukurydziane i musli
Muesli Nestle tropikalne,100,365,g,kcal,platki owsiane kukurydziane i musli
Muesli Sante granola,100,433,g,kcal,platki owsiane kukurydziane i musli
Nesquik,100,379,g,kcal,platki owsiane kukurydziane i musli
Owsianka,100,375,g,kcal,platki owsiane kukurydziane i musli
Pszenica preparowana,100,367,g,kcal,platki owsiane kukurydziane i musli
Płatki błonnikowe Sante,100,392,g,kcal,platki owsiane kukurydziane i musli
Płatki Chocapic czekoladowe,100,382,g,kcal,platki owsiane kukurydziane i musli
Płatki Frutina,100,319,g,kcal,platki owsiane kukurydziane i musli
Płatki Kangus z miodem,100,387,g,kcal,platki owsiane kukurydziane i musli
Płatki kukurydziane,100,357,g,kcal,platki owsiane kukurydziane i musli
Płatki Lion,100,402,g,kcal,platki owsiane kukurydziane i musli
Płatki Nestle Fitness z jogurtem,100,399,g,kcal,platki owsiane kukurydziane i musli
Płatki owsiane Nesvita,100,394,g,kcal,platki owsiane kukurydziane i musli
Ryż preparowany,100,383,g,kcal,platki owsiane kukurydziane i musli
Weetabix,100,358,g,kcal,platki owsiane kukurydziane i musli
Chipsy tortilla,100,499,g,kcal,zboza i produkty zbozowe
Ciasteczka kruche,100,502,g,kcal,zboza i produkty zbozowe
Gluten pszenny,100,325,g,kcal,zboza i produkty zbozowe
Grissini,100,408,g,kcal,zboza i produkty zbozowe
Jęczmień,100,354,g,kcal,zboza i produkty zbozowe
Kasza gryczana,100,343,g,kcal,zboza i produkty zbozowe
Kasza jaglana,100,46,g,kcal,zboza i produkty zbozowe
Kasza jęczmienna,100,352,g,kcal,zboza i produkty zbozowe
Kasza kukurydziana,100,362,g,kcal,zboza i produkty zbozowe
Kasza manna,100,328,g,kcal,zboza i produkty zbozowe
Komosa ryżowa,100,368,g,kcal,zboza i produkty zbozowe
Krakersy,100,502,g,kcal,zboza i produkty zbozowe
Kuskus,100,376,g,kcal,zboza i produkty zbozowe
Mąka jaglana,100,372,g,kcal,zboza i produkty zbozowe
Nasiona słonecznika,100,584,g,kcal,zboza i produkty zbozowe
Otręby orkiszowe,100,177,g,kcal,zboza i produkty zbozowe
Otręby owsiane,100,246,g,kcal,zboza i produkty zbozowe
Otręby pszenne,100,216,g,kcal,zboza i produkty zbozowe
Otręby żytnie,100,281,g,kcal,zboza i produkty zbozowe
Paluszki,100,380,g,kcal,zboza i produkty zbozowe
Pełne ziarno owsa,100,375,g,kcal,zboza i produkty zbozowe
Pełne ziarno pszenicy,100,339,g,kcal,zboza i produkty zbozowe
Polenta,100,366,g,kcal,zboza i produkty zbozowe
Proso,100,378,g,kcal,zboza i produkty zbozowe
Pszenica orkisz,100,338,g,kcal,zboza i produkty zbozowe
Ryż biały,100,344,g,kcal,zboza i produkty zbozowe
Ryż brązowy,100,388,g,kcal,zboza i produkty zbozowe
Ryż dziki,100,355,g,kcal,zboza i produkty zbozowe
Ryż parboiled,100,366,g,kcal,zboza i produkty zbozowe
Semolina orkiszowa,100,360,g,kcal,zboza i produkty zbozowe
Semolina z pszenicy,100,360,g,kcal,zboza i produkty zbozowe
Semolina z pszenicy durum,100,397,g,kcal,zboza i produkty zbozowe
Siemię lniane,100,534,g,kcal,zboza i produkty zbozowe
Skrobia kukurydziana,100,381,g,kcal,zboza i produkty zbozowe
Skrobia pszenna,100,351,g,kcal,zboza i produkty zbozowe
Suchary,100,410,g,kcal,zboza i produkty zbozowe
Szarłat,100,371,g,kcal,zboza i produkty zbozowe
Tortilla,100,237,g,kcal,zboza i produkty zbozowe
Wafle kukurydziane,100,274,g,kcal,zboza i produkty zbozowe
Zarodki pszenne,100,382,g,kcal,zboza i produkty zbozowe
Ziarno pszenicy,100,337,g,kcal,zboza i produkty zbozowe
Bigos,100,61,g,kcal,dania i posilki
Burrito,100,163,g,kcal,dania i posilki
Chili con Carne,100,105,g,kcal,dania i posilki
Enchilada,100,168,g,kcal,dania i posilki
Fahita,100,117,g,kcal,dania i posilki
Galareta mięsna,100,115,g,kcal,dania i posilki
Gołąbki,100,108,g,kcal,dania i posilki
Groch,100,330,g,kcal,dania i posilki
Gulasz wołowy,100,95,g,kcal,dania i posilki
Hummus,100,177,g,kcal,dania i posilki
Kaczka po pekińsku,100,225,g,kcal,dania i posilki
Kebab,100,215,g,kcal,dania i posilki
Kiełbasa duszona z cebulką,100,263,g,kcal,dania i posilki
Kurczak pieczony,100,164,g,kcal,dania i posilki
Lazania,100,132,g,kcal,dania i posilki
Makaron z serem,100,370,g,kcal,dania i posilki
Paella,100,156,g,kcal,dania i posilki
Pieczeń rzymska,100,254,g,kcal,dania i posilki
Pieczeń wołowa,100,111,g,kcal,dania i posilki
Pieczona fasola,100,94,g,kcal,dania i posilki
Pilaw,100,108,g,kcal,dania i posilki
Pizza,100,267,g,kcal,dania i posilki
Ravioli,100,203,g,kcal,dania i posilki
Risotto,100,118,g,kcal,dania i posilki
Ryba z frytkami,100,195,g,kcal,dania i posilki
Ryż brązowy,100,362,g,kcal,dania i posilki
Ryż smażony,100,186,g,kcal,dania i posilki
Sajgonki,100,250,g,kcal,dania i posilki
Sałatka cesarska z kurczakiem,100,127,g,kcal,dania i posilki
Sałatka ziemniaczana,100,143,g,kcal,dania i posilki
Spaghetti Bolognese,100,132,g,kcal,dania i posilki
Taco,100,217,g,kcal,dania i posilki
Wieprzowina z kością,100,225,g,kcal,dania i posilki
Ziemniaki tłuczone,100,83,g,kcal,dania i posilki
Zupa z groszku zielonego,100,75,g,kcal,dania i posilki
Barszcz biały,100,23,g,kcal,zupy
Barszcz z uszkami,100,82,g,kcal,zupy
Bulion,100,16,g,kcal,zupy
Bulion wołowy,100,3,g,kcal,zupy
Bulion z kurczaka,100,4,g,kcal,zupy
Fasolka w sosie,100,133,g,kcal,zupy
Gulasz,100,50,g,kcal,zupy
Kapuśniak,100,28,g,kcal,zupy
Ramen,100,436,g,kcal,zupy
Ramen błyskawiczny,100,436,g,kcal,zupy
Rosół z kurczaka,100,16,g,kcal,zupy
Rosół z kurczaka z makaronem,100,25,g,kcal,zupy
Wywar warzywny,100,5,g,kcal,zupy
Zalewajka,100,38,g,kcal,zupy
Zupa brokułowa,100,87,g,kcal,zupy
Zupa cebulowa,100,23,g,kcal,zupy
Zupa grzybowa,100,35,g,kcal,zupy
Zupa jarzynowa,100,28,g,kcal,zupy
Zupa krem cebulowa,100,44,g,kcal,zupy
Zupa krem grzybowa,100,39,g,kcal,zupy
Zupa krem z brokułów,100,45,g,kcal,zupy
Zupa krem z homarów,100,100,g,kcal,zupy
Zupa krem z kurczaka,100,48,g,kcal,zupy
Zupa krem z kurczaka z makaronem,100,23,g,kcal,zupy
Zupa krem z selera,100,37,g,kcal,zupy
Zupa krem ze szparagów,100,35,g,kcal,zupy
Zupa krem ziemniaczana,100,30,g,kcal,zupy
Zupa marchewkowa,100,25,g,kcal,zupy
Zupa marchewkowa z imbirem,100,25,g,kcal,zupy
Zupa Minestrone,100,34,g,kcal,zupy
Zupa ogonowa,100,28,g,kcal,zupy
Zupa pomidorowa,100,30,g,kcal,zupy
Zupa pomidorowa z ryżem,100,47,g,kcal,zupy
Zupa tajska,100,60,g,kcal,zupy
Zupa wołowa,100,33,g,kcal,zupy
Zupa z dyni,100,29,g,kcal,zupy
Zupa z groszku,100,75,g,kcal,zupy
Zupa z klopsikami,100,49,g,kcal,zupy
Zupa z kurczakiem i ryżem,100,24,g,kcal,zupy
Zupa z kurczakiem i warzywami,100,31,g,kcal,zupy
Zupa z makaronem,100,34,g,kcal,zupy
Zupa z makaronem alfabetem,100,25,g,kcal,zupy
Zupa z serem i brokułami,100,87,g,kcal,zupy
Zupa z soczewicy,100,56,g,kcal,zupy
Zupa z wołowiną i makaronem,100,34,g,kcal,zupy
Zupa ziemniaczana,100,80,g,kcal,zupy
Żurek,100,108,g,kcal,zupy
Arbuz,100,30,g,kcal,orzechy i nasiona
Chlebowiec,100,191,g,kcal,orzechy i nasiona
Fasola pinto,100,347,g,kcal,orzechy i nasiona
Groszek,100,81,g,kcal,orzechy i nasiona
Kasztan,100,213,g,kcal,orzechy i nasiona
Kiełki alfa-alfa,100,23,g,kcal,orzechy i nasiona
Kokos,100,354,g,kcal,orzechy i nasiona
Migdały,100,575,g,kcal,orzechy i nasiona
Nasiona bawełny,100,506,g,kcal,orzechy i nasiona
Nasiona lotosu,100,89,g,kcal,orzechy i nasiona
Nasiona maku,100,525,g,kcal,orzechy i nasiona
Nasiona sezamu,100,573,g,kcal,orzechy i nasiona
Nasiona szałwii hiszpańskiej,100,486,g,kcal,orzechy i nasiona
Nasiona słonecznika,100,584,g,kcal,orzechy i nasiona
Nerkowiec,100,553,g,kcal,orzechy i nasiona
Orzechy brazylijskie,100,656,g,kcal,orzechy i nasiona
Orzechy Ginkgo,100,182,g,kcal,orzechy i nasiona
Orzechy hikory,100,657,g,kcal,orzechy i nasiona
Orzechy laskowe,100,628,g,kcal,orzechy i nasiona
Orzechy Macadamia,100,718,g,kcal,orzechy i nasiona
Orzechy pecan,100,691,g,kcal,orzechy i nasiona
Orzechy włoskie,100,654,g,kcal,orzechy i nasiona
Orzeszki bukowe,100,576,g,kcal,orzechy i nasiona
Orzeszki pini,100,673,g,kcal,orzechy i nasiona
Orzeszki ziemne,100,567,g,kcal,orzechy i nasiona
Pestki dyni,100,559,g,kcal,orzechy i nasiona
Pestki dyni piżmowej,100,612,g,kcal,orzechy i nasiona
Pistacje,100,562,g,kcal,orzechy i nasiona
Siemię lniane,100,534,g,kcal,orzechy i nasiona
Soja,100,147,g,kcal,orzechy i nasiona
Słodkie kasztany,100,194,g,kcal,orzechy i nasiona
Żołędzie,100,387,g,kcal,orzechy i nasiona
Bób,100,99,g,kcal,rosliny straczkowe
Ciecierzyca,100,364,g,kcal,rosliny straczkowe
Ciecierzyca czarna,100,364,g,kcal,rosliny straczkowe
Dynia piżmowa,100,612,g,kcal,rosliny straczkowe
Fasola Azuki,100,366,g,kcal,rosliny straczkowe
Fasola biała,100,336,g,kcal,rosliny straczkowe
Fasola czarna,100,341,g,kcal,rosliny straczkowe
Fasola czerwona,100,124,g,kcal,rosliny straczkowe
Fasola flageolet,100,85,g,kcal,rosliny straczkowe
Fasola kidney,100,337,g,kcal,rosliny straczkowe
Fasola mung / Fasola złota,100,12,g,kcal,rosliny straczkowe
Fasola Mungo,100,331,g,kcal,rosliny straczkowe
Fasola pinto,100,347,g,kcal,rosliny straczkowe
Fasola z chili,100,97,g,kcal,rosliny straczkowe
Fasolka zielona,100,31,g,kcal,rosliny straczkowe
Groch,100,230,g,kcal,rosliny straczkowe
Groszek w strączkach,100,42,g,kcal,rosliny straczkowe
Groszek zielony,100,42,g,kcal,rosliny straczkowe
Jogurt sojowy,100,66,g,kcal,rosliny straczkowe
Kasztan jadalny,100,210,g,kcal,rosliny straczkowe
Kiełki fasoli,100,30,g,kcal,rosliny straczkowe
Majonez sojowy,100,322,g,kcal,rosliny straczkowe
Miso,100,199,g,kcal,rosliny straczkowe
Orzeszki pekan,100,691,g,kcal,rosliny straczkowe
Orzeszki sojowe,100,471,g,kcal,rosliny straczkowe
Orzeszki ziemne,100,567,g,kcal,rosliny straczkowe
Piżmian,100,33,g,kcal,rosliny straczkowe
Pędy bambusa,100,27,g,kcal,rosliny straczkowe
Ser tofu bardzo twardy,100,91,g,kcal,rosliny straczkowe
Ser tofu twardy,100,70,g,kcal,rosliny straczkowe
Ser z soi,100,235,g,kcal,rosliny straczkowe
Soczewica,100,353,g,kcal,rosliny straczkowe
Soczewica brązowa,100,353,g,kcal,rosliny straczkowe
Soczewica czerwona,100,329,g,kcal,rosliny straczkowe
Soczewica zielona,100,257,g,kcal,rosliny straczkowe
Soczewica żółta,100,304,g,kcal,rosliny straczkowe
Soja,100,147,g,kcal,rosliny straczkowe
Tempeh,100,193,g,kcal,rosliny straczkowe
Tofu,100,76,g,kcal,rosliny straczkowe
Tofu głęboko smażony,100,271,g,kcal,rosliny straczkowe
Tofu miękkie,100,55,g,kcal,rosliny straczkowe
Ghee,100,120,g,kcal,oleje i tluszcze
Margaryna,100,717,g,kcal,oleje i tluszcze
Masło,100,720,g,kcal,oleje i tluszcze
Olej canola,100,884,g,kcal,oleje i tluszcze
Olej kokosowy,100,857,g,kcal,oleje i tluszcze
Olej kukurydziany,100,800,g,kcal,oleje i tluszcze
Olej lniany,100,884,g,kcal,oleje i tluszcze
Olej macademia,100,819,g,kcal,oleje i tluszcze
Olej migdałowy,100,882,g,kcal,oleje i tluszcze
Olej musztardowy,100,884,g,kcal,oleje i tluszcze
Olej palmowy,100,882,g,kcal,oleje i tluszcze
Olej sezamowy,100,884,g,kcal,oleje i tluszcze
Olej sojowy,100,889,g,kcal,oleje i tluszcze
Olej słonecznikowy,100,884,g,kcal,oleje i tluszcze
Olej z awokado,100,857,g,kcal,oleje i tluszcze
Olej z krokosza barwierskiego,100,857,g,kcal,oleje i tluszcze
Olej z nasion bawełny,100,882,g,kcal,oleje i tluszcze
Olej z nasion winogron,100,884,g,kcal,oleje i tluszcze
Olej z orzechów włoskich,100,889,g,kcal,oleje i tluszcze
Olej z orzeszków ziemnych,100,857,g,kcal,oleje i tluszcze
Olej z sardynek,100,902,g,kcal,oleje i tluszcze
Olej ze śledzia,100,902,g,kcal,oleje i tluszcze
Oliwa z oliwek,100,884,g,kcal,oleje i tluszcze
Smalec,100,902,g,kcal,oleje i tluszcze
Tran z wątroby dorsza,100,1000,g,kcal,oleje i tluszcze
Olaj canola,100,884,g,kcal,oleje roslinne
Olej arganowy,100,896,g,kcal,oleje roslinne
Olej babassu,100,884,g,kcal,oleje roslinne
Olej kokosowy,100,857,g,kcal,oleje roslinne
Olej kukurydziany,100,800,g,kcal,oleje roslinne
Olej lniany,100,837,g,kcal,oleje roslinne
Olej migdałowy,100,882,g,kcal,oleje roslinne
Olej musztardowy,100,884,g,kcal,oleje roslinne
Olej owsiany,100,884,g,kcal,oleje roslinne
Olej palmowy,100,882,g,kcal,oleje roslinne
Olej roślinny,100,800,g,kcal,oleje roslinne
Olej sezamowy,100,889,g,kcal,oleje roslinne
Olej shea,100,884,g,kcal,oleje roslinne
Olej sojowy,100,882,g,kcal,oleje roslinne
Olej słonecznikowy,100,884,g,kcal,oleje roslinne
Olej z awokado,100,857,g,kcal,oleje roslinne
Olej z krokosza barwierskiego,100,857,g,kcal,oleje roslinne
Olej z nasion bawełny,100,882,g,kcal,oleje roslinne
Olej z nasion maku,100,884,g,kcal,oleje roslinne
Olej z orzechów laskowych,100,889,g,kcal,oleje roslinne
Olej z orzechów włoskich,100,889,g,kcal,oleje roslinne
Olej z orzeszków ziemnych,100,857,g,kcal,oleje roslinne
Olej z otrąb ryżowych,100,889,g,kcal,oleje roslinne
Olej z pestek dyni,100,880,g,kcal,oleje roslinne
Olej z pestek moreli,100,889,g,kcal,oleje roslinne
Olej z pestek pomidora,100,884,g,kcal,oleje roslinne
Olej z pestek winogron,100,884,g,kcal,oleje roslinne
Olej z zarodków pszenicy,100,929,g,kcal,oleje roslinne
Olej z łososia,100,911,g,kcal,oleje roslinne
Oliwa z oliwek,100,800,g,kcal,oleje roslinne
Dżem brzoskwiniowy,100,180,g,kcal,pasty
Dżem jagodowy,100,250,g,kcal,pasty
Dżem jeżynowy,100,250,g,kcal,pasty
Dżem malinowy,100,240,g,kcal,pasty
Dżem morelowy,100,250,g,kcal,pasty
Dżem pomarańczowy,100,246,g,kcal,pasty
Dżem truskawkowy,100,250,g,kcal,pasty
Dżem wiśniowy,100,250,g,kcal,pasty
Dżem z czarnej porzeczki,100,250,g,kcal,pasty
Dżem śliwkowy,100,250,g,kcal,pasty
Jajko,100,97,g,kcal,pasty
Konfitura,100,278,g,kcal,pasty
Konfitura truskawkowa,100,250,g,kcal,pasty
Konfitura winogronowa,100,255,g,kcal,pasty
Krem czekoladowy,100,541,g,kcal,pasty
Margaryna,100,717,g,kcal,pasty
Masło,100,717,g,kcal,pasty
Masło migdałowe,100,614,g,kcal,pasty
Masło orzechowe,100,589,g,kcal,pasty
Masło roślinne,100,721,g,kcal,pasty
Masło solone,100,717,g,kcal,pasty
Miód,100,304,g,kcal,pasty
Miód dzikich pszczół,100,286,g,kcal,pasty
Mus jabłkowy,100,68,g,kcal,pasty
Nutella,100,544,g,kcal,pasty
Paprykarz,100,179,g,kcal,pasty
Pasta z drożdży,100,180,g,kcal,pasty
Pasta z łososia,100,267,g,kcal,pasty
Pasztet,100,319,g,kcal,pasty
Pasztet sojowy,100,274,g,kcal,pasty
Pasztetowa,100,305,g,kcal,pasty
Powidła śliwkowe,100,209,g,kcal,pasty
Serek Almette z ziołami,100,118,g,kcal,pasty
Serek Almette śmietankowy,100,270,g,kcal,pasty
Serek kremowy,100,342,g,kcal,pasty
Serek topiony,100,290,g,kcal,pasty
Serek śmietankowy Philadelphia,100,342,g,kcal,pasty
Aloza,100,252,g,kcal,ryby i owoce morza
Balistyda,100,93,g,kcal,ryby i owoce morza
Barwena,100,150,g,kcal,ryby i owoce morza
Chanos,100,190,g,kcal,ryby i owoce morza
Dorsz,100,105,g,kcal,ryby i owoce morza
Dorsz atlantycki,100,172,g,kcal,ryby i owoce morza
Flądra,100,86,g,kcal,ryby i owoce morza
Granik,100,118,g,kcal,ryby i owoce morza
Halibut,100,111,g,kcal,ryby i owoce morza
Homar,100,89,g,kcal,ryby i owoce morza
Homary w cieście,100,84,g,kcal,ryby i owoce morza
Jesiotr,100,135,g,kcal,ryby i owoce morza
Kalmary,100,175,g,kcal,ryby i owoce morza
Karp,100,162,g,kcal,ryby i owoce morza
Kawior,100,264,g,kcal,ryby i owoce morza
Kulbak czerwony,100,94,g,kcal,ryby i owoce morza
Leszcz,100,135,g,kcal,ryby i owoce morza
Lucjan czerwony,100,87,g,kcal,ryby i owoce morza
Makrela,100,262,g,kcal,ryby i owoce morza
Małż,100,148,g,kcal,ryby i owoce morza
Miecznik,100,172,g,kcal,ryby i owoce morza
Miruna,100,121,g,kcal,ryby i owoce morza
Molwa,100,128,g,kcal,ryby i owoce morza
Morszczuk,100,71,g,kcal,ryby i owoce morza
Okoń morski,100,124,g,kcal,ryby i owoce morza
Omułek,100,172,g,kcal,ryby i owoce morza
Ośmiornica,100,164,g,kcal,ryby i owoce morza
Paluszki rybne,100,290,g,kcal,ryby i owoce morza
Pollachius,100,111,g,kcal,ryby i owoce morza
Przegrzebki,100,111,g,kcal,ryby i owoce morza
Pstrąg,100,190,g,kcal,ryby i owoce morza
Rak,100,82,g,kcal,ryby i owoce morza
Rekin,100,130,g,kcal,ryby i owoce morza
Rolmopsy,100,171,g,kcal,ryby i owoce morza
Ryba maślana,100,187,g,kcal,ryby i owoce morza
Sandacz,100,84,g,kcal,ryby i owoce morza
Sardela,100,131,g,kcal,ryby i owoce morza
Sardynki,100,208,g,kcal,ryby i owoce morza
Sałatka z tuńczyka,100,187,g,kcal,ryby i owoce morza
Skarp,100,122,g,kcal,ryby i owoce morza
Sola,100,86,g,kcal,ryby i owoce morza
Solandra,100,109,g,kcal,ryby i owoce morza
Stynka,100,124,g,kcal,ryby i owoce morza
Sushi,100,150,g,kcal,ryby i owoce morza
Szczupak,100,113,g,kcal,ryby i owoce morza
Tesegral,100,159,g,kcal,ryby i owoce morza
Tuńczyk,100,132,g,kcal,ryby i owoce morza
Witlinek,100,116,g,kcal,ryby i owoce morza
Węgorz,100,236,g,kcal,ryby i owoce morza
Łosoś,100,206,g,kcal,ryby i owoce morza
Łupacz,100,90,g,kcal,ryby i owoce morza
Śledź,100,203,g,kcal,ryby i owoce morza
Śledź marynowany,100,262,g,kcal,ryby i owoce morza
Śledź wędzony,100,217,g,kcal,ryby i owoce morza
Agar-agar,100,26,g,kcal,skladniki do pieczenia
Białko jaja,100,13,g,kcal,skladniki do pieczenia
Chipsy czekoladowe,100,467,g,kcal,skladniki do pieczenia
Cukier,100,21,g,kcal,skladniki do pieczenia
Cukier brązowy,100,395,g,kcal,skladniki do pieczenia
Cukier granulowany,100,387,g,kcal,skladniki do pieczenia
Cukier kandyzowany,100,625,g,kcal,skladniki do pieczenia
Cukier puder,100,389,g,kcal,skladniki do pieczenia
Cukier trzcinowy,100,387,g,kcal,skladniki do pieczenia
Cukier waniliowy,100,357,g,kcal,skladniki do pieczenia
Cynamon mielony,100,247,g,kcal,skladniki do pieczenia
Drożdże (suszone),100,325,g,kcal,skladniki do pieczenia
Drożdże świeże,100,83,g,kcal,skladniki do pieczenia
Ekstrakt miętowy,100,0,g,kcal,skladniki do pieczenia
Ekstrakt waniliowy,100,288,g,kcal,skladniki do pieczenia
Ekstrakt z migdałów,100,258,g,kcal,skladniki do pieczenia
Figi suszone,100,249,g,kcal,skladniki do pieczenia
Fruktoza,100,368,g,kcal,skladniki do pieczenia
Glukoza,100,286,g,kcal,skladniki do pieczenia
Imbir kandyzowany,100,335,g,kcal,skladniki do pieczenia
Jajko,100,97,g,kcal,skladniki do pieczenia
Jajo kacze,100,185,g,kcal,skladniki do pieczenia
Jogurt,100,61,g,kcal,skladniki do pieczenia
Kakao w proszku,100,228,g,kcal,skladniki do pieczenia
Konfitura truskawkowa,100,278,g,kcal,skladniki do pieczenia
Krokant,100,592,g,kcal,skladniki do pieczenia
Ksylitol,100,240,g,kcal,skladniki do pieczenia
Kuwertura,100,600,g,kcal,skladniki do pieczenia
Mak,100,525,g,kcal,skladniki do pieczenia
Malititol,100,210,g,kcal,skladniki do pieczenia
Maltodekstryna,100,375,g,kcal,skladniki do pieczenia
Maltoza,100,344,g,kcal,skladniki do pieczenia
Margaryna,100,884,g,kcal,skladniki do pieczenia
Masło,100,717,g,kcal,skladniki do pieczenia
Maślanka,100,62,g,kcal,skladniki do pieczenia
Melasa,100,290,g,kcal,skladniki do pieczenia
Migdały,100,529,g,kcal,skladniki do pieczenia
Miód,100,304,g,kcal,skladniki do pieczenia
Mleko kokosowe,100,50,g,kcal,skladniki do pieczenia
Mleko odparowane,100,134,g,kcal,skladniki do pieczenia
Mleko pełne,100,61,g,kcal,skladniki do pieczenia
Mleko ryżowe,100,49,g,kcal,skladniki do pieczenia
Mleko skondensowane słodzone,100,321,g,kcal,skladniki do pieczenia
Mleko sojowe,100,41,g,kcal,skladniki do pieczenia
Mleko w proszku,100,496,g,kcal,skladniki do pieczenia
Morele suszone,100,241,g,kcal,skladniki do pieczenia
Mąka,100,364,g,kcal,skladniki do pieczenia
Mąka /kaszka kukurydziana,100,361,g,kcal,skladniki do pieczenia
Mąka pełnoziarnista,100,340,g,kcal,skladniki do pieczenia
Mąka z semoliny,100,350,g,kcal,skladniki do pieczenia
Napój ze słodu w proszku,100,405,g,kcal,skladniki do pieczenia
Nasiona słonecznika,100,117,g,kcal,skladniki do pieczenia
Olej roślinny,100,884,g,kcal,skladniki do pieczenia
Orzechy laskowe,100,628,g,kcal,skladniki do pieczenia
Orzechy włoskie,100,131,g,kcal,skladniki do pieczenia
Posypka czekoladowa,100,500,g,kcal,skladniki do pieczenia
Posypka do ciasta,100,475,g,kcal,skladniki do pieczenia
Posypka perełkowa do ciasta,100,500,g,kcal,skladniki do pieczenia
Proszek do pieczenia,100,53,g,kcal,skladniki do pieczenia
Proszek proteinowy,100,411,g,kcal,skladniki do pieczenia
Płatki kokosowe,100,456,g,kcal,skladniki do pieczenia
Płatki owsiane,100,384,g,kcal,skladniki do pieczenia
Rodzynki,100,474,g,kcal,skladniki do pieczenia
Rum,100,246,g,kcal,skladniki do pieczenia
Rum ciemny,100,216,g,kcal,skladniki do pieczenia
Sacharoza,100,387,g,kcal,skladniki do pieczenia
Sezam,100,573,g,kcal,skladniki do pieczenia
Skrobia,100,381,g,kcal,skladniki do pieczenia
Skrobia kukurydziana,100,381,g,kcal,skladniki do pieczenia
Skórka pomarańczowa kandyzowana,100,97,g,kcal,skladniki do pieczenia
Soda oczyszczona,100,0,g,kcal,skladniki do pieczenia
Sorbitol,100,375,g,kcal,skladniki do pieczenia
Syrop glukozowy,100,387,g,kcal,skladniki do pieczenia
Syrop klonowy,100,270,g,kcal,skladniki do pieczenia
Syrop kukurydziany,100,281,g,kcal,skladniki do pieczenia
Syrop z agawy,100,310,g,kcal,skladniki do pieczenia
Słodzik,100,360,g,kcal,skladniki do pieczenia
Słód w proszku,100,361,g,kcal,skladniki do pieczenia
Twarożek śmietankowy,100,54,g,kcal,skladniki do pieczenia
Winian potasu,100,258,g,kcal,skladniki do pieczenia
Wiórki kokosowe,100,501,g,kcal,skladniki do pieczenia
Śliwki suszone,100,107,g,kcal,skladniki do pieczenia
Śmietana kremówka,100,345,g,kcal,skladniki do pieczenia
Żelatyna,100,335,g,kcal,skladniki do pieczenia
Żurawina suszona,100,308,g,kcal,skladniki do pieczenia
Żółtko jaja,100,322,g,kcal,skladniki do pieczenia
Ajwar,100,18,g,kcal,sosy i dressingi
Chrzan,100,48,g,kcal,sosy i dressingi
Harissa,100,52,g,kcal,sosy i dressingi
Jus,100,53,g,kcal,sosy i dressingi
Ketchup,100,100,g,kcal,sosy i dressingi
Ketchup curry,100,124,g,kcal,sosy i dressingi
Kwaśna śmietana,100,217,g,kcal,sosy i dressingi
Majonez,100,692,g,kcal,sosy i dressingi
Musztarda,100,60,g,kcal,sosy i dressingi
Pasta sezamowa,100,595,g,kcal,sosy i dressingi
Pesto,100,458,g,kcal,sosy i dressingi
Przecier pomidorowy,100,82,g,kcal,sosy i dressingi
Puree pomidorowe,100,38,g,kcal,sosy i dressingi
Sos barbecue,100,150,g,kcal,sosy i dressingi
Sos beareński,100,414,g,kcal,sosy i dressingi
Sos beszamelowy,100,225,g,kcal,sosy i dressingi
Sos bolognese,100,106,g,kcal,sosy i dressingi
Sos Chasseur,100,45,g,kcal,sosy i dressingi
Sos chili,100,112,g,kcal,sosy i dressingi
Sos curry,100,26,g,kcal,sosy i dressingi
Sos do sałatek włoski,100,293,g,kcal,sosy i dressingi
Sos hamburgerowy,100,383,g,kcal,sosy i dressingi
Sos holenderski,100,535,g,kcal,sosy i dressingi
Sos musztardowy,100,645,g,kcal,sosy i dressingi
Sos pomarańczowy,100,179,g,kcal,sosy i dressingi
Sos pomidorowy,100,24,g,kcal,sosy i dressingi
Sos Remoulade,100,635,g,kcal,sosy i dressingi
Sos sałatkowy,100,449,g,kcal,sosy i dressingi
Sos sałatkowy cezar,100,429,g,kcal,sosy i dressingi
Sos sałatkowy francuski,100,60,g,kcal,sosy i dressingi
Sos sałatkowy grecki,100,467,g,kcal,sosy i dressingi
Sos sałatkowy jogurtowy,100,45,g,kcal,sosy i dressingi
Sos sałatkowy musztardowo-miodowy,100,464,g,kcal,sosy i dressingi
Sos sałatkowy Ranch,100,510,g,kcal,sosy i dressingi
Sos sojowy,100,67,g,kcal,sosy i dressingi
Sos słodko-kwaśny,100,179,g,kcal,sosy i dressingi
Sos Teriyaki,100,89,g,kcal,sosy i dressingi
Sos Vinaigrette,100,120,g,kcal,sosy i dressingi
Sos vinaigrette balsamiczny,100,290,g,kcal,sosy i dressingi
Sos Worcestershire,100,78,g,kcal,sosy i dressingi
Sos z kwaśniej śmietany,100,60,g,kcal,sosy i dressingi
Sos śmietanowy,100,180,g,kcal,sosy i dressingi
Tabasco,100,70,g,kcal,sosy i dressingi
Tzatziki,100,94,g,kcal,sosy i dressingi
Babeczki,100,305,g,kcal,wyroby cukiernicze chleb i wypieki
Babka Panettone,100,318,g,kcal,wyroby cukiernicze chleb i wypieki
Bagietka,100,274,g,kcal,wyroby cukiernicze chleb i wypieki
Bajgiel,100,257,g,kcal,wyroby cukiernicze chleb i wypieki
Biszkopty,100,269,g,kcal,wyroby cukiernicze chleb i wypieki
Brioszka,100,346,g,kcal,wyroby cukiernicze chleb i wypieki
Bułeczki cynamonowe,100,436,g,kcal,wyroby cukiernicze chleb i wypieki
Bułka,100,316,g,kcal,wyroby cukiernicze chleb i wypieki
Bułka do hot dogów,100,279,g,kcal,wyroby cukiernicze chleb i wypieki
Bułka grahamka,100,254,g,kcal,wyroby cukiernicze chleb i wypieki
Bułka maślana,100,325,g,kcal,wyroby cukiernicze chleb i wypieki
Bułka preclowa,100,338,g,kcal,wyroby cukiernicze chleb i wypieki
Bułka słodka,100,292,g,kcal,wyroby cukiernicze chleb i wypieki
Cannolo,100,254,g,kcal,wyroby cukiernicze chleb i wypieki
Chałka,100,283,g,kcal,wyroby cukiernicze chleb i wypieki
Chleb bananowy,100,326,g,kcal,wyroby cukiernicze chleb i wypieki
Chleb biały,100,238,g,kcal,wyroby cukiernicze chleb i wypieki
Chleb graham,100,212,g,kcal,wyroby cukiernicze chleb i wypieki
Chleb kukurydziany,100,179,g,kcal,wyroby cukiernicze chleb i wypieki
Chleb na zakwasie,100,289,g,kcal,wyroby cukiernicze chleb i wypieki
Chleb Naan,100,275,g,kcal,wyroby cukiernicze chleb i wypieki
Chleb Pita,100,275,g,kcal,wyroby cukiernicze chleb i wypieki
Chleb pszenny pełnoziarnisty,100,247,g,kcal,wyroby cukiernicze chleb i wypieki
Chleb razowy,100,250,g,kcal,wyroby cukiernicze chleb i wypieki
Chleb sodowy,100,290,g,kcal,wyroby cukiernicze chleb i wypieki
Chleb tostowy,100,240,g,kcal,wyroby cukiernicze chleb i wypieki
Chleb wieloziarnisty,100,265,g,kcal,wyroby cukiernicze chleb i wypieki
Chleb włoski,100,271,g,kcal,wyroby cukiernicze chleb i wypieki
Chleb z rodzynkami,100,274,g,kcal,wyroby cukiernicze chleb i wypieki
Chleb ziemniaczany,100,266,g,kcal,wyroby cukiernicze chleb i wypieki
Chleb żytni,100,259,g,kcal,wyroby cukiernicze chleb i wypieki
Ciabatta,100,271,g,kcal,wyroby cukiernicze chleb i wypieki
Ciasteczka owsiane,100,450,g,kcal,wyroby cukiernicze chleb i wypieki
Ciastko scone,100,362,g,kcal,wyroby cukiernicze chleb i wypieki
Ciasto czekoladowe,100,405,g,kcal,wyroby cukiernicze chleb i wypieki
Ciasto francuskie,100,558,g,kcal,wyroby cukiernicze chleb i wypieki
Ciasto kruche,100,544,g,kcal,wyroby cukiernicze chleb i wypieki
Crumpet,100,178,g,kcal,wyroby cukiernicze chleb i wypieki
Czapati,100,240,g,kcal,wyroby cukiernicze chleb i wypieki
Focaccia (podstawa do pizzy),100,249,g,kcal,wyroby cukiernicze chleb i wypieki
Grissini,100,400,g,kcal,wyroby cukiernicze chleb i wypieki
Kajzerka,100,271,g,kcal,wyroby cukiernicze chleb i wypieki
Kanapka,100,304,g,kcal,wyroby cukiernicze chleb i wypieki
Maca,100,351,g,kcal,wyroby cukiernicze chleb i wypieki
Mini pizza,100,250,g,kcal,wyroby cukiernicze chleb i wypieki
Muffinka,100,296,g,kcal,wyroby cukiernicze chleb i wypieki
Naleśnik,100,233,g,kcal,wyroby cukiernicze chleb i wypieki
Naleśniki Crêpe,100,224,g,kcal,wyroby cukiernicze chleb i wypieki
Pieczywo czosnkowe,100,350,g,kcal,wyroby cukiernicze chleb i wypieki
Placuszki roti,100,264,g,kcal,wyroby cukiernicze chleb i wypieki
Podpłomyki,100,311,g,kcal,wyroby cukiernicze chleb i wypieki
Precel,100,338,g,kcal,wyroby cukiernicze chleb i wypieki
Pumpernikiel,100,250,g,kcal,wyroby cukiernicze chleb i wypieki
Pączek,100,421,g,kcal,wyroby cukiernicze chleb i wypieki
Rogal drożdżowy,100,177,g,kcal,wyroby cukiernicze chleb i wypieki
Rogal maślany,100,322,g,kcal,wyroby cukiernicze chleb i wypieki
Rogalik,100,406,g,kcal,wyroby cukiernicze chleb i wypieki
Rolada,100,313,g,kcal,wyroby cukiernicze chleb i wypieki
Rożek z jabłkiem,100,348,g,kcal,wyroby cukiernicze chleb i wypieki
Spanakopita,100,246,g,kcal,wyroby cukiernicze chleb i wypieki
Suflet,100,204,g,kcal,wyroby cukiernicze chleb i wypieki
Szarlotka,100,237,g,kcal,wyroby cukiernicze chleb i wypieki
Tarta,100,237,g,kcal,wyroby cukiernicze chleb i wypieki
Toast,100,261,g,kcal,wyroby cukiernicze chleb i wypieki
Tortilla,100,265,g,kcal,wyroby cukiernicze chleb i wypieki
Anyż,100,337,g,kcal,ziola i przyprawy
Bazylia,100,233,g,kcal,ziola i przyprawy
Botwina,100,19,g,kcal,ziola i przyprawy
Cebula,100,40,g,kcal,ziola i przyprawy
Cebula sproszkowana,100,341,g,kcal,ziola i przyprawy
Chili,100,282,g,kcal,ziola i przyprawy
Chili w proszku,100,282,g,kcal,ziola i przyprawy
Chrzan,100,48,g,kcal,ziola i przyprawy
Curry,100,325,g,kcal,ziola i przyprawy
Cynamon,100,247,g,kcal,ziola i przyprawy
Czosnek,100,149,g,kcal,ziola i przyprawy
Czosnek sproszkowany,100,331,g,kcal,ziola i przyprawy
Ekstrakt z migdałów,100,374,g,kcal,ziola i przyprawy
Ekstrakt z wanilii,100,288,g,kcal,ziola i przyprawy
Estragon,100,295,g,kcal,ziola i przyprawy
Gałka muszkatołowa,100,525,g,kcal,ziola i przyprawy
Goździki,100,274,g,kcal,ziola i przyprawy
Imbir,100,80,g,kcal,ziola i przyprawy
Imbir kandyzowany,100,335,g,kcal,ziola i przyprawy
Jalepeno,100,13,g,kcal,ziola i przyprawy
Jałowiec,100,45,g,kcal,ziola i przyprawy
Kapary,100,23,g,kcal,ziola i przyprawy
Kolendra,100,23,g,kcal,ziola i przyprawy
Kolokazja,100,112,g,kcal,ziola i przyprawy
Koper,100,43,g,kcal,ziola i przyprawy
Koper włoski,100,31,g,kcal,ziola i przyprawy
Korzeń cykorii,100,72,g,kcal,ziola i przyprawy
Kumin,100,375,g,kcal,ziola i przyprawy
Kurkuma,100,354,g,kcal,ziola i przyprawy
Laska wanilii,100,250,g,kcal,ziola i przyprawy
Liście cykorii,100,23,g,kcal,ziola i przyprawy
Liście winogron,100,93,g,kcal,ziola i przyprawy
Lukrecja,100,375,g,kcal,ziola i przyprawy
Maggi,100,104,g,kcal,ziola i przyprawy
Majeranek,100,271,g,kcal,ziola i przyprawy
Maniok,100,160,g,kcal,ziola i przyprawy
Mięta,100,70,g,kcal,ziola i przyprawy
Mniszek lekarski,100,45,g,kcal,ziola i przyprawy
Nasiona anyżu,100,337,g,kcal,ziola i przyprawy
Nasiona gorczycy,100,508,g,kcal,ziola i przyprawy
Nasiona kminku,100,333,g,kcal,ziola i przyprawy
Nasiona kopru włoskiego,100,345,g,kcal,ziola i przyprawy
Nasiona maku,100,525,g,kcal,ziola i przyprawy
Nasiona sezamu,100,573,g,kcal,ziola i przyprawy
Nasiona sezamu czarnego,100,573,g,kcal,ziola i przyprawy
Ocet,100,18,g,kcal,ziola i przyprawy
Ocet balsamiczny,100,88,g,kcal,ziola i przyprawy
Ocet jabłkowy,100,21,g,kcal,ziola i przyprawy
Ocet winny czerwony,100,19,g,kcal,ziola i przyprawy
Oregano,100,265,g,kcal,ziola i przyprawy
Papryka,100,251,g,kcal,ziola i przyprawy
Papryka czerwona,100,251,g,kcal,ziola i przyprawy
Pasternak,100,75,g,kcal,ziola i przyprawy
Pieprz biały,100,296,g,kcal,ziola i przyprawy
Pieprz cayenne,100,318,g,kcal,ziola i przyprawy
Pieprz czarny,100,251,g,kcal,ziola i przyprawy
Pietruszka,100,36,g,kcal,ziola i przyprawy
Piżmian,100,33,g,kcal,ziola i przyprawy
Rokietta siewna,100,25,g,kcal,ziola i przyprawy
Rosół,100,100,g,kcal,ziola i przyprawy
Rozmaryn,100,131,g,kcal,ziola i przyprawy
Rzeżucha,100,32,g,kcal,ziola i przyprawy
Siekana cebula,100,40,g,kcal,ziola i przyprawy
Skórka pomarańczowa,100,97,g,kcal,ziola i przyprawy
Stewia,100,0,g,kcal,ziola i przyprawy
Szafran,100,310,g,kcal,ziola i przyprawy
Szałwia,100,315,g,kcal,ziola i przyprawy
Szczypiorek,100,30,g,kcal,ziola i przyprawy
Sól,100,0,g,kcal,ziola i przyprawy
Sól czosnkowa,100,0,g,kcal,ziola i przyprawy
Sól jodowana,100,0,g,kcal,ziola i przyprawy
Sól morska,100,0,g,kcal,ziola i przyprawy
Tamaryndowiec,100,239,g,kcal,ziola i przyprawy
Tymianek,100,276,g,kcal,ziola i przyprawy
Ziemniak słodki,100,118,g,kcal,ziola i przyprawy